General Physician,Dr. P. Kumar,Satellite,Satellite Specialty Hospital,Sat Sun,2:00PM-5:00PM
General Physician,Dr. D. Bhatia,Satellite,Satellite Medical Institute,Fri Sat,3:00PM-6:00PM
Psychiatrist,Dr. R. Shah,Odhav,Odhav General Hospital,Sat Sun,10:00AM-1:00PM
Neurologist,Dr. K. Gandhi,Maninagar,Maninagar Medical Institute,Wed Thu,4:00PM-7:00PM
Dermatologist,Dr. D. Agarwal,Isanpur,Isanpur Care Center,Fri Sat,4:00PM-7:00PM
Orthopedic Surgeon,Dr. R. Mehta,Satellite,Satellite Specialty Hospital,Thu Fri,3:00PM-6:00PM
Orthopedic Surgeon,Dr. D. Agarwal,Vejalpur,Vejalpur Specialty Hospital,Tue Thu,10:00AM-1:00PM
Gynecologist,Dr. R. Desai,Vejalpur,Vejalpur Care Center,Sat Sun,2:00PM-5:00PM
Gynecologist,Dr. N. Desai,Ramnagar,Ramnagar General Hospital,Thu Fri,10:00AM-1:00PM
Gynecologist,Dr. M. Joshi,Nehru Park,Nehru Park Specialty Hospital,Fri Sat,3:00PM-6:00PM
Ophthalmologist,Dr. D. Vyas,Vastral,Vastral Specialty Hospital,Wed Thu,3:00PM-6:00PM
Cardiologist,Dr. R. Naik,Navrangpura,Navrangpura Specialty Hospital,Sat Sun,2:00PM-5:00PM
Pediatrician,Dr. V. Trivedi,Bodakdev,Bodakdev Specialty Hospital,Wed Sat,10:00AM-1:00PM
General Physician,Dr. A. Naik,Maninagar,Maninagar Care Center,Sat Sun,9:00AM-12:00PM
Ophthalmologist,Dr. S. Kapadia,Shahibaug,Shahibaug Care Center,Mon Thu,3:00PM-6:00PM
Gynecologist,Dr. M. Joshi,Bodakdev,Bodakdev Care Center,Mon Tue,9:00AM-12:00PM
Gynecologist,Dr. M. Shah,Bodakdev,Bodakdev Care Center,Wed Thu,3:00PM-6:00PM
General Physician,Dr. M. Trivedi,Ramnagar,Ramnagar General Hospital,Tue Fri,10:00AM-1:00PM
Ophthalmologist,Dr. S. Iyer,Odhav,Odhav Specialty Hospital,Tue Fri,4:00PM-7:00PM
Dentist,Dr. K. Vyas,Shahibaug,Shahibaug Medical Institute,Tue Fri,3:00PM-6:00PM
Neurologist,Dr. D. Mehta,Bodakdev,Bodakdev Specialty Hospital,Wed Thu,3:00PM-6:00PM
Dermatologist,Dr. M. Chaudhary,Naranpura,Naranpura Medical Institute,Thu Fri,10:00AM-1:00PM
Neurologist,Dr. S. Singh,Gota,Gota Specialty Hospital,Mon Wed,10:00AM-1:00PM
Cardiologist,Dr. A. Bhatt,Bodakdev,Bodakdev Medical Institute,Tue Thu,10:00AM-1:00PM
Pediatrician,Dr. A. Iyer,Shahibaug,Shahibaug Medical Institute,Wed Thu,3:00PM-6:00PM
Gynecologist,Dr. V. Desai,Maninagar,Maninagar Care Center,Mon Thu,4:00PM-7:00PM
General Physician,Dr. V. Shah,Nehru Park,Nehru Park Care Center,Mon Tue,2:00PM-5:00PM
Neurologist,Dr. M. Rao,Vejalpur,Vejalpur Medical Institute,Wed Thu,4:00PM-7:00PM
Dermatologist,Dr. K. Joshi,Naranpura East,Naranpura East General Hospital,Mon Thu,3:00PM-6:00PM
General Physician,Dr. A. Desai,Vejalpur,Vejalpur Specialty Hospital,Mon Thu,10:00AM-1:00PM
Ophthalmologist,Dr. L. Vyas,SG Highway,SG Highway Specialty Hospital,Mon Tue,3:00PM-6:00PM
Psychiatrist,Dr. M. Rao,Nehru Park,Nehru Park Specialty Hospital,Mon Wed,3:00PM-6:00PM
Cardiologist,Dr. L. Trivedi,Vastral,Vastral General Hospital,Thu Fri,3:00PM-6:00PM
Orthopedic Surgeon,Dr. A. Mehta,Thaltej,Thaltej Care Center,Fri Sat,3:00PM-6:00PM
Neurologist,Dr. S. Rao,Shahibaug,Shahibaug Specialty Hospital,Tue Fri,9:00AM-12:00PM
Dentist,Dr. V. Trivedi,Maninagar,Maninagar Specialty Hospital,Mon Wed,9:00AM-12:00PM
General Physician,Dr. R. Chaudhary,Bodakdev,Bodakdev Care Center,Sat Sun,10:00AM-1:00PM
Dermatologist,Dr. A. Desai,SG Highway,SG Highway Care Center,Mon Wed,4:00PM-7:00PM
Dermatologist,Dr. A. Iyer,Vastral,Vastral Specialty Hospital,Fri Sat,10:00AM-1:00PM
Psychiatrist,Dr. V. Singh,Gandhinagar Road,Gandhinagar Road General Hospital,Tue Thu,2:00PM-5:00PM
Pediatrician,Dr. R. Singh,Nehru Park,Nehru Park General Hospital,Sat Sun,3:00PM-6:00PM
Gynecologist,Dr. K. Agarwal,Thaltej,Thaltej General Hospital,Wed Sat,9:00AM-12:00PM
Neurologist,Dr. L. Naik,Gandhinagar Road,Gandhinagar Road General Hospital,Mon Tue,2:00PM-5:00PM
Dentist,Dr. D. Agarwal,Shahibaug,Shahibaug Specialty Hospital,Wed Thu,2:00PM-5:00PM
General Physician,Dr. S. Shah,Shahibaug,Shahibaug Medical Institute,Mon Thu,2:00PM-5:00PM
Ophthalmologist,Dr. P. Kumar,SG Highway,SG Highway Care Center,Wed Thu,2:00PM-5:00PM
Psychiatrist,Dr. K. Trivedi,Ramnagar,Ramnagar Care Center,Mon Thu,4:00PM-7:00PM
Neurologist,Dr. V. Iyer,Gota,Gota Care Center,Thu Fri,3:00PM-6:00PM
Dermatologist,Dr. K. Rao,Vastral,Vastral Specialty Hospital,Mon Thu,2:00PM-5:00PM
General Physician,Dr. L. Agarwal,Naranpura East,Naranpura East Care Center,Tue Fri,10:00AM-1:00PM
Orthopedic Surgeon,Dr. K. Rao,Naranpura,Naranpura Specialty Hospital,Sat Sun,2:00PM-5:00PM
Dentist,Dr. V. Patel,Paldi,Paldi Specialty Hospital,Mon Wed,10:00AM-1:00PM
Gynecologist,Dr. A. Trivedi,Naranpura East,Naranpura East Specialty Hospital,Wed Sat,3:00PM-6:00PM
Ophthalmologist,Dr. K. Agarwal,Vastral,Vastral General Hospital,Thu Fri,10:00AM-1:00PM
Gynecologist,Dr. N. Saxena,Bodakdev,Bodakdev Specialty Hospital,Sat Sun,2:00PM-5:00PM
Ophthalmologist,Dr. D. Bhatia,Ramnagar,Ramnagar Specialty Hospital,Mon Thu,4:00PM-7:00PM
Orthopedic Surgeon,Dr. D. Agarwal,Isanpur,Isanpur Specialty Hospital,Thu Fri,2:00PM-5:00PM
Neurologist,Dr. K. Gandhi,Bodakdev,Bodakdev General Hospital,Wed Sat,2:00PM-5:00PM
Pediatrician,Dr. V. Rao,Ramnagar,Ramnagar Specialty Hospital,Wed Sat,10:00AM-1:00PM
Ophthalmologist,Dr. V. Iyer,Naranpura,Naranpura Specialty Hospital,Wed Sat,2:00PM-5:00PM
Dermatologist,Dr. N. Desai,Isanpur,Isanpur General Hospital,Mon Tue,4:00PM-7:00PM
Cardiologist,Dr. R. Shah,Naranpura,Naranpura General Hospital,Wed Thu,2:00PM-5:00PM
Cardiologist,Dr. M. Desai,Naranpura East,Naranpura East General Hospital,Sat Sun,2:00PM-5:00PM
Ophthalmologist,Dr. V. Iyer,Naranpura East,Naranpura East Care Center,Tue Thu,9:00AM-12:00PM
Neurologist,Dr. R. Kumar,Naranpura East,Naranpura East General Hospital,Mon Thu,3:00PM-6:00PM
Pediatrician,Dr. V. Joshi,Nehru Park,Nehru Park Specialty Hospital,Mon Tue,10:00AM-1:00PM
Cardiologist,Dr. R. Kapadia,Nehru Park,Nehru Park Care Center,Wed Sat,9:00AM-12:00PM
Dentist,Dr. V. Kumar,Shahibaug,Shahibaug Care Center,Wed Thu,3:00PM-6:00PM
Ophthalmologist,Dr. M. Bhatt,Vastral,Vastral Care Center,Mon Thu,2:00PM-5:00PM
Psychiatrist,Dr. K. Rao,Gandhinagar Road,Gandhinagar Road General Hospital,Mon Wed,10:00AM-1:00PM
Dermatologist,Dr. K. Vyas,Naranpura,Naranpura General Hospital,Wed Sat,10:00AM-1:00PM
Dentist,Dr. K. Gandhi,Navrangpura,Navrangpura Care Center,Mon Thu,3:00PM-6:00PM
Psychiatrist,Dr. V. Desai,Naranpura East,Naranpura East Care Center,Wed Sat,2:00PM-5:00PM
Neurologist,Dr. V. Joshi,Vastral,Vastral General Hospital,Wed Sat,2:00PM-5:00PM
Psychiatrist,Dr. D. Mehta,Thaltej,Thaltej Care Center,Wed Thu,10:00AM-1:00PM
Cardiologist,Dr. M. Kapadia,Naranpura,Naranpura Care Center,Mon Tue,10:00AM-1:00PM
Neurologist,Dr. N. Trivedi,Gandhinagar Road,Gandhinagar Road Specialty Hospital,Mon Wed,3:00PM-6:00PM
Neurologist,Dr. R. Kapadia,Vejalpur,Vejalpur Specialty Hospital,Wed Thu,3:00PM-6:00PM
Ophthalmologist,Dr. S. Kapadia,Navrangpura,Navrangpura General Hospital,Fri Sat,4:00PM-7:00PM
Neurologist,Dr. K. Chaudhary,Paldi,Paldi General Hospital,Sat Sun,4:00PM-7:00PM
General Physician,Dr. P. Singh,Naranpura,Naranpura General Hospital,Tue Thu,3:00PM-6:00PM
Dentist,Dr. L. Agarwal,Vastral,Vastral Care Center,Sat Sun,3:00PM-6:00PM
Ophthalmologist,Dr. S. Saxena,Navrangpura,Navrangpura Medical Institute,Mon Thu,2:00PM-5:00PM
Orthopedic Surgeon,Dr. A. Iyer,Satellite,Satellite Care Center,Mon Thu,3:00PM-6:00PM
Neurologist,Dr. D. Agarwal,Vejalpur,Vejalpur General Hospital,Mon Wed,2:00PM-5:00PM
Neurologist,Dr. D. Chaudhary,Gota,Gota General Hospital,Mon Thu,4:00PM-7:00PM
General Physician,Dr. N. Iyer,Ramnagar,Ramnagar Care Center,Mon Tue,10:00AM-1:00PM
Dentist,Dr. S. Iyer,Isanpur,Isanpur Specialty Hospital,Tue Fri,3:00PM-6:00PM
General Physician,Dr. P. Joshi,Thaltej,Thaltej Care Center,Tue Thu,2:00PM-5:00PM
Ophthalmologist,Dr. A. Agarwal,Naranpura East,Naranpura East General Hospital,Sat Sun,10:00AM-1:00PM
Cardiologist,Dr. D. Agarwal,Ellisbridge,Ellisbridge General Hospital,Mon Thu,9:00AM-12:00PM
Dermatologist,Dr. S. Naik,Satellite,Satellite Medical Institute,Tue Thu,3:00PM-6:00PM
Neurologist,Dr. R. Agarwal,Odhav,Odhav Specialty Hospital,Tue Fri,3:00PM-6:00PM
Dermatologist,Dr. L. Gandhi,Vastral,Vastral Specialty Hospital,Mon Thu,10:00AM-1:00PM
Psychiatrist,Dr. D. Agarwal,Odhav,Odhav Care Center,Thu Fri,3:00PM-6:00PM
Orthopedic Surgeon,Dr. K. Gandhi,Odhav,Odhav Specialty Hospital,Thu Fri,2:00PM-5:00PM
Psychiatrist,Dr. N. Vyas,Nehru Park,Nehru Park Specialty Hospital,Tue Thu,3:00PM-6:00PM
Dentist,Dr. R. Shah,Naranpura East,Naranpura East Care Center,Wed Thu,4:00PM-7:00PM
Gynecologist,Dr. V. Patel,Vastral,Vastral Care Center,Wed Sat,4:00PM-7:00PM
Gynecologist,Dr. L. Chaudhary,Bodakdev,Bodakdev Medical Institute,Fri Sat,3:00PM-6:00PM
Gynecologist,Dr. V. Kapadia,Vejalpur,Vejalpur Care Center,Mon Tue,10:00AM-1:00PM
Dentist,Dr. V. Iyer,Nehru Park,Nehru Park Care Center,Tue Fri,9:00AM-12:00PM
Dentist,Dr. K. Gandhi,Vastral,Vastral General Hospital,Tue Thu,3:00PM-6:00PM
Cardiologist,Dr. R. Bhatia,Navrangpura,Navrangpura Medical Institute,Fri Sat,4:00PM-7:00PM
Gynecologist,Dr. R. Joshi,Navrangpura,Navrangpura Specialty Hospital,Wed Thu,3:00PM-6:00PM
Orthopedic Surgeon,Dr. P. Mehta,Naranpura East,Naranpura East Specialty Hospital,Sat Sun,9:00AM-12:00PM
Dermatologist,Dr. S. Agarwal,Ellisbridge,Ellisbridge Care Center,Mon Wed,3:00PM-6:00PM
Pediatrician,Dr. A. Desai,Satellite,Satellite Medical Institute,Thu Fri,9:00AM-12:00PM
General Physician,Dr. P. Chaudhary,Gota,Gota General Hospital,Fri Sat,2:00PM-5:00PM
Gynecologist,Dr. P. Naik,SG Highway,SG Highway General Hospital,Mon Thu,4:00PM-7:00PM
Cardiologist,Dr. S. Rao,Vastrapur,Vastrapur General Hospital,Sat Sun,3:00PM-6:00PM
Psychiatrist,Dr. R. Iyer,Bodakdev,Bodakdev Medical Institute,Tue Thu,10:00AM-1:00PM
Ophthalmologist,Dr. A. Iyer,Naranpura,Naranpura Medical Institute,Mon Tue,3:00PM-6:00PM
Neurologist,Dr. M. Kapadia,Ramnagar,Ramnagar General Hospital,Tue Fri,2:00PM-5:00PM
Psychiatrist,Dr. P. Joshi,Ellisbridge,Ellisbridge Medical Institute,Thu Fri,3:00PM-6:00PM
Neurologist,Dr. M. Shah,Thaltej,Thaltej Care Center,Mon Wed,10:00AM-1:00PM
Gynecologist,Dr. V. Rao,Nehru Park,Nehru Park Care Center,Thu Fri,2:00PM-5:00PM
General Physician,Dr. K. Trivedi,Vejalpur,Vejalpur Specialty Hospital,Sat Sun,9:00AM-12:00PM
Psychiatrist,Dr. V. Kumar,Naranpura East,Naranpura East Care Center,Wed Sat,4:00PM-7:00PM
Orthopedic Surgeon,Dr. V. Joshi,Bodakdev,Bodakdev Care Center,Thu Fri,10:00AM-1:00PM
Pediatrician,Dr. N. Trivedi,Maninagar,Maninagar Specialty Hospital,Mon Tue,4:00PM-7:00PM
Orthopedic Surgeon,Dr. P. Chaudhary,SG Highway,SG Highway General Hospital,Fri Sat,3:00PM-6:00PM
Cardiologist,Dr. S. Singh,Thaltej,Thaltej General Hospital,Fri Sat,4:00PM-7:00PM
Dentist,Dr. A. Iyer,Naranpura,Naranpura Care Center,Tue Fri,2:00PM-5:00PM
Orthopedic Surgeon,Dr. M. Chaudhary,Satellite,Satellite Medical Institute,Tue Thu,10:00AM-1:00PM
Gynecologist,Dr. K. Agarwal,Ramnagar,Ramnagar Care Center,Mon Thu,9:00AM-12:00PM
Neurologist,Dr. D. Agarwal,Ramnagar,Ramnagar General Hospital,Fri Sat,2:00PM-5:00PM
Psychiatrist,Dr. S. Shah,Vejalpur,Vejalpur Specialty Hospital,Wed Sat,3:00PM-6:00PM
General Physician,Dr. K. Rao,Gandhinagar Road,Gandhinagar Road Specialty Hospital,Wed Sat,9:00AM-12:00PM
Ophthalmologist,Dr. D. Mehta,Ellisbridge,Ellisbridge Medical Institute,Tue Thu,9:00AM-12:00PM
General Physician,Dr. D. Mehta,Ellisbridge,Ellisbridge Medical Institute,Mon Wed,10:00AM-1:00PM
Dentist,Dr. D. Agarwal,SG Highway,SG Highway Care Center,Fri Sat,4:00PM-7:00PM
Gynecologist,Dr. M. Gandhi,Nehru Park,Nehru Park Specialty Hospital,Tue Thu,3:00PM-6:00PM
Pediatrician,Dr. K. Rao,Naranpura East,Naranpura East Specialty Hospital,Thu Fri,9:00AM-12:00PM
Orthopedic Surgeon,Dr. P. Shah,Thaltej,Thaltej Care Center,Wed Sat,2:00PM-5:00PM
Pediatrician,Dr. P. Rao,Isanpur,Isanpur Specialty Hospital,Fri Sat,9:00AM-12:00PM
Gynecologist,Dr. M. Trivedi,Naranpura,Naranpura Care Center,Tue Fri,9:00AM-12:00PM
Dermatologist,Dr. L. Trivedi,Gandhinagar Road,Gandhinagar Road General Hospital,Fri Sat,10:00AM-1:00PM
Cardiologist,Dr. D. Agarwal,Nehru Park,Nehru Park General Hospital,Wed Thu,10:00AM-1:00PM
Psychiatrist,Dr. A. Iyer,Thaltej,Thaltej General Hospital,Tue Thu,4:00PM-7:00PM
General Physician,Dr. N. Joshi,Naranpura,Naranpura Care Center,Wed Thu,2:00PM-5:00PM
Cardiologist,Dr. N. Joshi,Satellite,Satellite General Hospital,Mon Tue,2:00PM-5:00PM
Dermatologist,Dr. R. Kumar,Nehru Park,Nehru Park Care Center,Tue Thu,2:00PM-5:00PM
General Physician,Dr. V. Desai,SG Highway,SG Highway Specialty Hospital,Wed Thu,9:00AM-12:00PM
Pediatrician,Dr. V. Singh,Naranpura East,Naranpura East Care Center,Fri Sat,4:00PM-7:00PM
Psychiatrist,Dr. R. Kapadia,Satellite,Satellite Medical Institute,Wed Sat,4:00PM-7:00PM
General Physician,Dr. D. Gandhi,Odhav,Odhav Specialty Hospital,Mon Tue,9:00AM-12:00PM
Ophthalmologist,Dr. V. Joshi,Vejalpur,Vejalpur Medical Institute,Mon Wed,3:00PM-6:00PM
Ophthalmologist,Dr. L. Iyer,Navrangpura,Navrangpura General Hospital,Sat Sun,10:00AM-1:00PM
Pediatrician,Dr. D. Bhatt,SG Highway,SG Highway Care Center,Sat Sun,4:00PM-7:00PM
Orthopedic Surgeon,Dr. D. Agarwal,Vejalpur,Vejalpur Specialty Hospital,Wed Thu,4:00PM-7:00PM
Gynecologist,Dr. M. Joshi,Satellite,Satellite General Hospital,Wed Thu,10:00AM-1:00PM
Gynecologist,Dr. N. Iyer,Vastral,Vastral General Hospital,Fri Sat,3:00PM-6:00PM
Gynecologist,Dr. A. Naik,Shahibaug,Shahibaug General Hospital,Mon Thu,2:00PM-5:00PM
Neurologist,Dr. V. Joshi,Isanpur,Isanpur General Hospital,Tue Fri,9:00AM-12:00PM
Pediatrician,Dr. S. Kapadia,Navrangpura,Navrangpura General Hospital,Mon Wed,2:00PM-5:00PM
Cardiologist,Dr. M. Bhatt,Ramnagar,Ramnagar General Hospital,Wed Thu,4:00PM-7:00PM
Orthopedic Surgeon,Dr. K. Naik,Satellite,Satellite Medical Institute,Mon Thu,9:00AM-12:00PM
Neurologist,Dr. K. Naik,Gandhinagar Road,Gandhinagar Road Specialty Hospital,Mon Wed,4:00PM-7:00PM
Dentist,Dr. D. Kapadia,Thaltej,Thaltej General Hospital,Tue Fri,10:00AM-1:00PM
Pediatrician,Dr. R. Desai,Isanpur,Isanpur Specialty Hospital,Mon Wed,2:00PM-5:00PM
Psychiatrist,Dr. A. Agarwal,Bodakdev,Bodakdev Medical Institute,Sat Sun,4:00PM-7:00PM
Dentist,Dr. D. Kapadia,Paldi,Paldi Specialty Hospital,Thu Fri,9:00AM-12:00PM
Cardiologist,Dr. M. Mehta,Naranpura,Naranpura Specialty Hospital,Fri Sat,9:00AM-12:00PM
Cardiologist,Dr. D. Kapadia,SG Highway,SG Highway Specialty Hospital,Mon Thu,9:00AM-12:00PM
Cardiologist,Dr. S. Agarwal,Paldi,Paldi General Hospital,Wed Thu,10:00AM-1:00PM
Gynecologist,Dr. V. Iyer,Shahibaug,Shahibaug Medical Institute,Tue Thu,2:00PM-5:00PM
Neurologist,Dr. R. Shah,Gota,Gota General Hospital,Tue Thu,10:00AM-1:00PM
Psychiatrist,Dr. K. Joshi,Maninagar,Maninagar General Hospital,Tue Fri,3:00PM-6:00PM
Ophthalmologist,Dr. R. Agarwal,Gandhinagar Road,Gandhinagar Road Medical Institute,Thu Fri,10:00AM-1:00PM
Dentist,Dr. S. Kapadia,Satellite,Satellite Specialty Hospital,Mon Wed,2:00PM-5:00PM
Psychiatrist,Dr. P. Saxena,Naranpura East,Naranpura East Specialty Hospital,Thu Fri,9:00AM-12:00PM
Dermatologist,Dr. M. Rao,Vejalpur,Vejalpur General Hospital,Wed Sat,2:00PM-5:00PM
Dermatologist,Dr. S. Bhatt,SG Highway,SG Highway Care Center,Fri Sat,9:00AM-12:00PM
General Physician,Dr. S. Kapadia,Naranpura East,Naranpura East Specialty Hospital,Tue Thu,10:00AM-1:00PM
Gynecologist,Dr. K. Chaudhary,Ramnagar,Ramnagar Specialty Hospital,Wed Thu,4:00PM-7:00PM
Orthopedic Surgeon,Dr. P. Shah,Navrangpura,Navrangpura Medical Institute,Mon Tue,3:00PM-6:00PM
General Physician,Dr. A. Naik,Vastral,Vastral General Hospital,Sat Sun,3:00PM-6:00PM
Psychiatrist,Dr. S. Bhatt,Vejalpur,Vejalpur Medical Institute,Mon Wed,3:00PM-6:00PM
General Physician,Dr. V. Joshi,Gota,Gota Care Center,Tue Fri,2:00PM-5:00PM
Pediatrician,Dr. N. Patel,Shahibaug,Shahibaug General Hospital,Mon Thu,4:00PM-7:00PM
Gynecologist,Dr. S. Trivedi,Odhav,Odhav General Hospital,Thu Fri,2:00PM-5:00PM
Dermatologist,Dr. M. Chaudhary,Gota,Gota Care Center,Wed Thu,9:00AM-12:00PM
Dentist,Dr. V. Kumar,Odhav,Odhav Care Center,Fri Sat,2:00PM-5:00PM
Cardiologist,Dr. L. Gandhi,Bodakdev,Bodakdev General Hospital,Thu Fri,10:00AM-1:00PM
Cardiologist,Dr. A. Trivedi,Gandhinagar Road,Gandhinagar Road Care Center,Mon Wed,10:00AM-1:00PM
Ophthalmologist,Dr. A. Trivedi,Vastral,Vastral Specialty Hospital,Sat Sun,3:00PM-6:00PM
Psychiatrist,Dr. L. Trivedi,Gandhinagar Road,Gandhinagar Road Specialty Hospital,Fri Sat,10:00AM-1:00PM
Ophthalmologist,Dr. P. Shah,Navrangpura,Navrangpura Medical Institute,Thu Fri,2:00PM-5:00PM
Psychiatrist,Dr. R. Mehta,Maninagar,Maninagar Specialty Hospital,Mon Wed,2:00PM-5:00PM
Ophthalmologist,Dr. S. Bhatt,Vastral,Vastral General Hospital,Fri Sat,2:00PM-5:00PM
Pediatrician,Dr. V. Bhatia,Navrangpura,Navrangpura Medical Institute,Sat Sun,4:00PM-7:00PM
General Physician,Dr. A. Patel,Vastral,Vastral Specialty Hospital,Wed Sat,2:00PM-5:00PM
Psychiatrist,Dr. L. Kumar,Naranpura East,Naranpura East Specialty Hospital,Mon Tue,3:00PM-6:00PM
Pediatrician,Dr. R. Mehta,Gota,Gota General Hospital,Tue Thu,9:00AM-12:00PM
Dermatologist,Dr. L. Mehta,Vastral,Vastral Care Center,Wed Thu,4:00PM-7:00PM
Cardiologist,Dr. V. Gandhi,Isanpur,Isanpur Care Center,Mon Thu,3:00PM-6:00PM
Orthopedic Surgeon,Dr. M. Trivedi,Gandhinagar Road,Gandhinagar Road General Hospital,Fri Sat,9:00AM-12:00PM
Orthopedic Surgeon,Dr. V. Gandhi,Satellite,Satellite Medical Institute,Thu Fri,4:00PM-7:00PM
Cardiologist,Dr. R. Iyer,Gota,Gota General Hospital,Tue Thu,2:00PM-5:00PM
Neurologist,Dr. V. Bhatt,Vejalpur,Vejalpur Care Center,Mon Wed,2:00PM-5:00PM
Dentist,Dr. N. Kumar,Vejalpur,Vejalpur Specialty Hospital,Wed Thu,9:00AM-12:00PM
Gynecologist,Dr. R. Kumar,Odhav,Odhav Specialty Hospital,Fri Sat,2:00PM-5:00PM
Cardiologist,Dr. D. Mehta,Thaltej,Thaltej Care Center,Tue Fri,10:00AM-1:00PM
Dermatologist,Dr. M. Chaudhary,SG Highway,SG Highway General Hospital,Thu Fri,9:00AM-12:00PM
Dentist,Dr. L. Mehta,Ramnagar,Ramnagar Specialty Hospital,Mon Tue,2:00PM-5:00PM
Psychiatrist,Dr. P. Gandhi,SG Highway,SG Highway Specialty Hospital,Tue Thu,10:00AM-1:00PM
Cardiologist,Dr. K. Gandhi,Gandhinagar Road,Gandhinagar Road Care Center,Tue Fri,9:00AM-12:00PM
Gynecologist,Dr. K. Gandhi,Isanpur,Isanpur Specialty Hospital,Wed Sat,3:00PM-6:00PM
Psychiatrist,Dr. K. Saxena,Ellisbridge,Ellisbridge Medical Institute,Wed Thu,10:00AM-1:00PM
Neurologist,Dr. R. Desai,Naranpura East,Naranpura East General Hospital,Sat Sun,3:00PM-6:00PM
Ophthalmologist,Dr. R. Kapadia,Ellisbridge,Ellisbridge Medical Institute,Wed Thu,3:00PM-6:00PM
Cardiologist,Dr. S. Saxena,Thaltej,Thaltej Specialty Hospital,Thu Fri,9:00AM-12:00PM
Ophthalmologist,Dr. M. Shah,Isanpur,Isanpur Specialty Hospital,Wed Thu,9:00AM-12:00PM
Neurologist,Dr. K. Joshi,Navrangpura,Navrangpura Care Center,Tue Fri,4:00PM-7:00PM
Cardiologist,Dr. R. Bhatt,Shahibaug,Shahibaug General Hospital,Tue Fri,2:00PM-5:00PM
General Physician,Dr. S. Trivedi,Shahibaug,Shahibaug General Hospital,Wed Thu,2:00PM-5:00PM
Dermatologist,Dr. P. Chaudhary,Vejalpur,Vejalpur General Hospital,Wed Sat,9:00AM-12:00PM
Orthopedic Surgeon,Dr. L. Gandhi,Satellite,Satellite Specialty Hospital,Tue Thu,9:00AM-12:00PM
Neurologist,Dr. S. Saxena,Naranpura East,Naranpura East Specialty Hospital,Tue Fri,3:00PM-6:00PM
Psychiatrist,Dr. R. Kumar,Paldi,Paldi General Hospital,Thu Fri,10:00AM-1:00PM
Cardiologist,Dr. D. Desai,Ramnagar,Ramnagar Specialty Hospital,Wed Thu,3:00PM-6:00PM
Pediatrician,Dr. N. Desai,Ellisbridge,Ellisbridge Care Center,Mon Wed,9:00AM-12:00PM
Dermatologist,Dr. R. Kumar,Shahibaug,Shahibaug Medical Institute,Mon Wed,3:00PM-6:00PM
Psychiatrist,Dr. M. Trivedi,Ramnagar,Ramnagar General Hospital,Wed Thu,4:00PM-7:00PM
Dermatologist,Dr. A. Mehta,SG Highway,SG Highway Care Center,Mon Tue,4:00PM-7:00PM
Orthopedic Surgeon,Dr. V. Rao,Bodakdev,Bodakdev Medical Institute,Mon Wed,4:00PM-7:00PM
Orthopedic Surgeon,Dr. P. Singh,Navrangpura,Navrangpura General Hospital,Tue Fri,9:00AM-12:00PM
Gynecologist,Dr. S. Agarwal,Isanpur,Isanpur Care Center,Mon Tue,2:00PM-5:00PM
Pediatrician,Dr. S. Rao,Isanpur,Isanpur General Hospital,Mon Wed,4:00PM-7:00PM
Orthopedic Surgeon,Dr. K. Naik,SG Highway,SG Highway General Hospital,Wed Thu,2:00PM-5:00PM
Cardiologist,Dr. V. Shah,Vastral,Vastral Specialty Hospital,Tue Thu,10:00AM-1:00PM
Pediatrician,Dr. P. Chaudhary,Vastral,Vastral General Hospital,Wed Sat,9:00AM-12:00PM
Dermatologist,Dr. R. Singh,Maninagar,Maninagar Specialty Hospital,Wed Thu,3:00PM-6:00PM
Dentist,Dr. P. Mehta,Naranpura East,Naranpura East Care Center,Wed Sat,2:00PM-5:00PM
Orthopedic Surgeon,Dr. K. Joshi,Maninagar,Maninagar Specialty Hospital,Mon Wed,2:00PM-5:00PM
Gynecologist,Dr. R. Shah,Vejalpur,Vejalpur Medical Institute,Fri Sat,10:00AM-1:00PM
Ophthalmologist,Dr. S. Naik,Naranpura East,Naranpura East Care Center,Thu Fri,9:00AM-12:00PM
Gynecologist,Dr. A. Saxena,Navrangpura,Navrangpura Medical Institute,Tue Thu,4:00PM-7:00PM
Neurologist,Dr. S. Rao,Gota,Gota General Hospital,Fri Sat,2:00PM-5:00PM
Neurologist,Dr. S. Kapadia,Vastral,Vastral Specialty Hospital,Mon Thu,10:00AM-1:00PM
Ophthalmologist,Dr. V. Bhatt,Isanpur,Isanpur Care Center,Fri Sat,4:00PM-7:00PM
Gynecologist,Dr. M. Chaudhary,Naranpura,Naranpura General Hospital,Mon Thu,2:00PM-5:00PM
Dentist,Dr. V. Rao,Vastrapur,Vastrapur General Hospital,Sat Sun,3:00PM-6:00PM
General Physician,Dr. V. Patel,SG Highway,SG Highway General Hospital,Fri Sat,2:00PM-5:00PM
Gynecologist,Dr. A. Saxena,Nehru Park,Nehru Park General Hospital,Tue Thu,3:00PM-6:00PM
Orthopedic Surgeon,Dr. P. Singh,Isanpur,Isanpur Care Center,Mon Wed,4:00PM-7:00PM
Cardiologist,Dr. S. Trivedi,Odhav,Odhav Specialty Hospital,Fri Sat,2:00PM-5:00PM
Dermatologist,Dr. K. Desai,Satellite,Satellite General Hospital,Tue Thu,3:00PM-6:00PM
Dentist,Dr. R. Bhatia,Vejalpur,Vejalpur General Hospital,Thu Fri,3:00PM-6:00PM
Dermatologist,Dr. A. Bhatt,Gandhinagar Road,Gandhinagar Road Specialty Hospital,Tue Fri,10:00AM-1:00PM
Pediatrician,Dr. A. Kumar,SG Highway,SG Highway General Hospital,Tue Thu,3:00PM-6:00PM
Pediatrician,Dr. M. Saxena,Gota,Gota Specialty Hospital,Mon Wed,4:00PM-7:00PM
Dentist,Dr. K. Vyas,Ellisbridge,Ellisbridge Specialty Hospital,Tue Thu,2:00PM-5:00PM
Dentist,Dr. R. Bhatt,Bodakdev,Bodakdev General Hospital,Tue Thu,10:00AM-1:00PM
Ophthalmologist,Dr. D. Agarwal,Paldi,Paldi Care Center,Sat Sun,2:00PM-5:00PM
Ophthalmologist,Dr. K. Rao,Ramnagar,Ramnagar General Hospital,Mon Wed,9:00AM-12:00PM
Neurologist,Dr. L. Mehta,Vejalpur,Vejalpur Medical Institute,Mon Thu,3:00PM-6:00PM
Psychiatrist,Dr. V. Iyer,Navrangpura,Navrangpura Care Center,Mon Wed,3:00PM-6:00PM
Ophthalmologist,Dr. N. Kumar,Odhav,Odhav Specialty Hospital,Wed Thu,4:00PM-7:00PM
Cardiologist,Dr. R. Kapadia,SG Highway,SG Highway Care Center,Mon Tue,9:00AM-12:00PM
Dentist,Dr. A. Desai,SG Highway,SG Highway Care Center,Tue Thu,2:00PM-5:00PM
Dermatologist,Dr. V. Gandhi,Isanpur,Isanpur Specialty Hospital,Mon Wed,2:00PM-5:00PM
Dermatologist,Dr. N. Kumar,Ramnagar,Ramnagar Care Center,Thu Fri,4:00PM-7:00PM
Dentist,Dr. K. Agarwal,Navrangpura,Navrangpura Care Center,Sat Sun,10:00AM-1:00PM
Cardiologist,Dr. L. Naik,Gandhinagar Road,Gandhinagar Road Specialty Hospital,Mon Tue,9:00AM-12:00PM
Pediatrician,Dr. A. Patel,Maninagar,Maninagar Specialty Hospital,Wed Sat,4:00PM-7:00PM
Gynecologist,Dr. A. Vyas,Gandhinagar Road,Gandhinagar Road General Hospital,Wed Thu,2:00PM-5:00PM
Neurologist,Dr. V. Joshi,Naranpura East,Naranpura East General Hospital,Mon Thu,2:00PM-5:00PM
Ophthalmologist,Dr. K. Vyas,Navrangpura,Navrangpura General Hospital,Tue Fri,3:00PM-6:00PM
Ophthalmologist,Dr. V. Iyer,Vastral,Vastral General Hospital,Sat Sun,10:00AM-1:00PM
Orthopedic Surgeon,Dr. V. Agarwal,Gota,Gota Specialty Hospital,Tue Thu,2:00PM-5:00PM
Dentist,Dr. V. Iyer,Ramnagar,Ramnagar General Hospital,Wed Sat,3:00PM-6:00PM
Pediatrician,Dr. R. Chaudhary,Naranpura,Naranpura Medical Institute,Tue Thu,9:00AM-12:00PM
General Physician,Dr. R. Desai,Ellisbridge,Ellisbridge Medical Institute,Mon Thu,10:00AM-1:00PM
Cardiologist,Dr. V. Patel,Gota,Gota Specialty Hospital,Tue Thu,3:00PM-6:00PM
Dentist,Dr. S. Iyer,Vastral,Vastral Care Center,Tue Fri,9:00AM-12:00PM
Pediatrician,Dr. L. Singh,Vejalpur,Vejalpur Medical Institute,Wed Sat,4:00PM-7:00PM
Orthopedic Surgeon,Dr. V. Gandhi,Maninagar,Maninagar General Hospital,Tue Fri,4:00PM-7:00PM
Ophthalmologist,Dr. S. Shah,Ellisbridge,Ellisbridge General Hospital,Mon Thu,10:00AM-1:00PM
Neurologist,Dr. P. Trivedi,Isanpur,Isanpur Care Center,Mon Tue,3:00PM-6:00PM
General Physician,Dr. R. Saxena,Nehru Park,Nehru Park Specialty Hospital,Fri Sat,4:00PM-7:00PM
Neurologist,Dr. R. Mehta,Navrangpura,Navrangpura Medical Institute,Tue Fri,4:00PM-7:00PM
Neurologist,Dr. N. Kumar,Gandhinagar Road,Gandhinagar Road General Hospital,Mon Wed,3:00PM-6:00PM
Orthopedic Surgeon,Dr. S. Iyer,Gota,Gota Specialty Hospital,Tue Thu,10:00AM-1:00PM
Psychiatrist,Dr. R. Kapadia,Odhav,Odhav Medical Institute,Mon Tue,9:00AM-12:00PM
General Physician,Dr. R. Shah,SG Highway,SG Highway Specialty Hospital,Tue Fri,4:00PM-7:00PM
Ophthalmologist,Dr. R. Naik,SG Highway,SG Highway Specialty Hospital,Tue Thu,2:00PM-5:00PM
Psychiatrist,Dr. R. Iyer,Gota,Gota Care Center,Sat Sun,2:00PM-5:00PM
Psychiatrist,Dr. M. Saxena,Gota,Gota Medical Institute,Sat Sun,2:00PM-5:00PM
Ophthalmologist,Dr. A. Iyer,Paldi,Paldi Care Center,Mon Wed,3:00PM-6:00PM
Psychiatrist,Dr. V. Bhatt,Ellisbridge,Ellisbridge General Hospital,Tue Fri,2:00PM-5:00PM
Psychiatrist,Dr. K. Gandhi,Nehru Park,Nehru Park General Hospital,Mon Tue,4:00PM-7:00PM
Ophthalmologist,Dr. M. Trivedi,Vastrapur,Vastrapur Specialty Hospital,Sat Sun,3:00PM-6:00PM
Cardiologist,Dr. V. Trivedi,Bodakdev,Bodakdev General Hospital,Mon Wed,10:00AM-1:00PM
General Physician,Dr. V. Desai,Vastral,Vastral Care Center,Tue Thu,3:00PM-6:00PM
Dermatologist,Dr. K. Desai,Shahibaug,Shahibaug Medical Institute,Mon Tue,10:00AM-1:00PM
Dentist,Dr. A. Mehta,Thaltej,Thaltej Specialty Hospital,Tue Fri,4:00PM-7:00PM
Gynecologist,Dr. D. Gandhi,Gota,Gota Care Center,Wed Thu,2:00PM-5:00PM
Dentist,Dr. D. Chaudhary,Isanpur,Isanpur Specialty Hospital,Thu Fri,4:00PM-7:00PM
Ophthalmologist,Dr. K. Rao,Thaltej,Thaltej General Hospital,Wed Thu,2:00PM-5:00PM
Dermatologist,Dr. S. Desai,Ellisbridge,Ellisbridge Specialty Hospital,Wed Sat,3:00PM-6:00PM
Orthopedic Surgeon,Dr. A. Agarwal,Naranpura East,Naranpura East Care Center,Thu Fri,2:00PM-5:00PM
Pediatrician,Dr. S. Rao,Nehru Park,Nehru Park Specialty Hospital,Mon Thu,3:00PM-6:00PM
Orthopedic Surgeon,Dr. V. Bhatt,SG Highway,SG Highway Care Center,Thu Fri,9:00AM-12:00PM
Orthopedic Surgeon,Dr. A. Iyer,Vastral,Vastral Specialty Hospital,Tue Fri,10:00AM-1:00PM
Dermatologist,Dr. A. Agarwal,Ramnagar,Ramnagar Care Center,Thu Fri,10:00AM-1:00PM
Pediatrician,Dr. N. Patel,Gandhinagar Road,Gandhinagar Road Care Center,Mon Tue,4:00PM-7:00PM
Dermatologist,Dr. V. Iyer,Bodakdev,Bodakdev General Hospital,Mon Thu,2:00PM-5:00PM
Ophthalmologist,Dr. M. Rao,Satellite,Satellite Care Center,Wed Thu,10:00AM-1:00PM
Gynecologist,Dr. A. Patel,Naranpura East,Naranpura East Care Center,Wed Sat,2:00PM-5:00PM
Orthopedic Surgeon,Dr. D. Mehta,Ellisbridge,Ellisbridge General Hospital,Mon Wed,4:00PM-7:00PM
Dermatologist,Dr. A. Kapadia,Ramnagar,Ramnagar Specialty Hospital,Mon Tue,10:00AM-1:00PM
Gynecologist,Dr. S. Trivedi,Vastrapur,Vastrapur General Hospital,Tue Fri,10:00AM-1:00PM
Neurologist,Dr. N. Vyas,Maninagar,Maninagar General Hospital,Sat Sun,4:00PM-7:00PM
Pediatrician,Dr. D. Agarwal,Gota,Gota Specialty Hospital,Wed Thu,4:00PM-7:00PM
Ophthalmologist,Dr. K. Trivedi,SG Highway,SG Highway Specialty Hospital,Thu Fri,10:00AM-1:00PM
Pediatrician,Dr. S. Rao,Gota,Gota Care Center,Tue Fri,2:00PM-5:00PM
Cardiologist,Dr. M. Mehta,Paldi,Paldi Specialty Hospital,Thu Fri,4:00PM-7:00PM
Dermatologist,Dr. N. Rao,Vastrapur,Vastrapur Specialty Hospital,Mon Thu,3:00PM-6:00PM
Dentist,Dr. V. Agarwal,Gota,Gota General Hospital,Mon Wed,10:00AM-1:00PM
Cardiologist,Dr. R. Chaudhary,Naranpura East,Naranpura East Care Center,Mon Tue,2:00PM-5:00PM
Gynecologist,Dr. M. Bhatt,Bodakdev,Bodakdev Medical Institute,Thu Fri,2:00PM-5:00PM
Neurologist,Dr. V. Trivedi,Nehru Park,Nehru Park Specialty Hospital,Mon Tue,2:00PM-5:00PM
Orthopedic Surgeon,Dr. P. Saxena,Bodakdev,Bodakdev General Hospital,Mon Wed,3:00PM-6:00PM
Neurologist,Dr. V. Joshi,Vastrapur,Vastrapur Care Center,Wed Thu,2:00PM-5:00PM
Pediatrician,Dr. R. Desai,Ellisbridge,Ellisbridge Specialty Hospital,Wed Sat,10:00AM-1:00PM
Cardiologist,Dr. D. Agarwal,Naranpura East,Naranpura East General Hospital,Sat Sun,2:00PM-5:00PM
Gynecologist,Dr. S. Iyer,Ramnagar,Ramnagar Care Center,Wed Thu,10:00AM-1:00PM
Dermatologist,Dr. L. Mehta,Gandhinagar Road,Gandhinagar Road General Hospital,Tue Fri,4:00PM-7:00PM
Orthopedic Surgeon,Dr. R. Iyer,Navrangpura,Navrangpura General Hospital,Wed Thu,4:00PM-7:00PM
Dermatologist,Dr. L. Kumar,Nehru Park,Nehru Park Specialty Hospital,Tue Thu,2:00PM-5:00PM
Dentist,Dr. M. Naik,Vastral,Vastral General Hospital,Wed Sat,4:00PM-7:00PM
Ophthalmologist,Dr. S. Bhatt,Navrangpura,Navrangpura Medical Institute,Tue Fri,10:00AM-1:00PM
Dentist,Dr. L. Naik,Shahibaug,Shahibaug Medical Institute,Mon Tue,4:00PM-7:00PM
Ophthalmologist,Dr. S. Trivedi,Ellisbridge,Ellisbridge General Hospital,Thu Fri,9:00AM-12:00PM
Dermatologist,Dr. L. Chaudhary,Nehru Park,Nehru Park General Hospital,Mon Thu,2:00PM-5:00PM
Pediatrician,Dr. D. Agarwal,Ramnagar,Ramnagar General Hospital,Tue Fri,9:00AM-12:00PM
Neurologist,Dr. D. Mehta,Shahibaug,Shahibaug Care Center,Tue Thu,3:00PM-6:00PM
Orthopedic Surgeon,Dr. P. Gandhi,Vejalpur,Vejalpur Medical Institute,Mon Thu,9:00AM-12:00PM
Dentist,Dr. S. Saxena,SG Highway,SG Highway Specialty Hospital,Mon Wed,10:00AM-1:00PM
Dentist,Dr. M. Gandhi,Vejalpur,Vejalpur Care Center,Wed Sat,9:00AM-12:00PM
General Physician,Dr. R. Joshi,Ellisbridge,Ellisbridge Medical Institute,Wed Thu,3:00PM-6:00PM
Dentist,Dr. R. Chaudhary,Vejalpur,Vejalpur Care Center,Tue Fri,2:00PM-5:00PM
Cardiologist,Dr. A. Kapadia,Naranpura,Naranpura Care Center,Mon Wed,9:00AM-12:00PM
Gynecologist,Dr. L. Singh,Gandhinagar Road,Gandhinagar Road General Hospital,Wed Sat,9:00AM-12:00PM
Pediatrician,Dr. K. Kumar,Gandhinagar Road,Gandhinagar Road General Hospital,Sat Sun,9:00AM-12:00PM
Dermatologist,Dr. N. Trivedi,Maninagar,Maninagar Medical Institute,Wed Sat,4:00PM-7:00PM
Dermatologist,Dr. R. Kapadia,Maninagar,Maninagar Care Center,Thu Fri,10:00AM-1:00PM
Psychiatrist,Dr. V. Patel,Gota,Gota Specialty Hospital,Thu Fri,10:00AM-1:00PM
Dentist,Dr. N. Vyas,Bodakdev,Bodakdev Medical Institute,Thu Fri,9:00AM-12:00PM
Dentist,Dr. P. Mehta,Nehru Park,Nehru Park Specialty Hospital,Mon Thu,4:00PM-7:00PM
Ophthalmologist,Dr. A. Mehta,Maninagar,Maninagar Specialty Hospital,Mon Thu,4:00PM-7:00PM
Orthopedic Surgeon,Dr. L. Kumar,Shahibaug,Shahibaug Medical Institute,Thu Fri,3:00PM-6:00PM
Cardiologist,Dr. L. Singh,Ramnagar,Ramnagar Care Center,Wed Sat,2:00PM-5:00PM
Cardiologist,Dr. A. Agarwal,Vastral,Vastral General Hospital,Mon Thu,3:00PM-6:00PM
Dentist,Dr. P. Singh,Odhav,Odhav Care Center,Wed Sat,2:00PM-5:00PM
Dermatologist,Dr. A. Kumar,Gota,Gota General Hospital,Fri Sat,9:00AM-12:00PM
Dentist,Dr. R. Saxena,Thaltej,Thaltej General Hospital,Mon Thu,4:00PM-7:00PM
Psychiatrist,Dr. V. Patel,Maninagar,Maninagar General Hospital,Sat Sun,4:00PM-7:00PM
Dermatologist,Dr. R. Shah,Naranpura East,Naranpura East General Hospital,Thu Fri,9:00AM-12:00PM
Dermatologist,Dr. S. Naik,Thaltej,Thaltej Specialty Hospital,Tue Fri,10:00AM-1:00PM
Psychiatrist,Dr. L. Singh,Thaltej,Thaltej Care Center,Wed Thu,2:00PM-5:00PM
Neurologist,Dr. L. Vyas,Vejalpur,Vejalpur Medical Institute,Fri Sat,2:00PM-5:00PM
Neurologist,Dr. A. Vyas,Isanpur,Isanpur Specialty Hospital,Tue Fri,9:00AM-12:00PM
Ophthalmologist,Dr. R. Desai,Gota,Gota Care Center,Fri Sat,3:00PM-6:00PM
General Physician,Dr. P. Shah,Nehru Park,Nehru Park General Hospital,Tue Thu,9:00AM-12:00PM
Neurologist,Dr. K. Chaudhary,Ramnagar,Ramnagar Specialty Hospital,Mon Thu,2:00PM-5:00PM
Cardiologist,Dr. K. Chaudhary,Thaltej,Thaltej Care Center,Mon Thu,4:00PM-7:00PM
Dermatologist,Dr. M. Joshi,Naranpura East,Naranpura East Specialty Hospital,Fri Sat,2:00PM-5:00PM
Ophthalmologist,Dr. K. Kapadia,Naranpura East,Naranpura East Care Center,Fri Sat,10:00AM-1:00PM
Cardiologist,Dr. V. Rao,Ramnagar,Ramnagar Care Center,Wed Thu,9:00AM-12:00PM
Dentist,Dr. A. Desai,Maninagar,Maninagar General Hospital,Mon Tue,9:00AM-12:00PM
Gynecologist,Dr. K. Saxena,SG Highway,SG Highway Specialty Hospital,Mon Wed,10:00AM-1:00PM
General Physician,Dr. D. Agarwal,Thaltej,Thaltej Specialty Hospital,Fri Sat,9:00AM-12:00PM
Psychiatrist,Dr. D. Kapadia,Gandhinagar Road,Gandhinagar Road Medical Institute,Tue Fri,9:00AM-12:00PM
General Physician,Dr. N. Iyer,Ramnagar,Ramnagar Specialty Hospital,Mon Tue,9:00AM-12:00PM
Dentist,Dr. R. Kumar,Naranpura,Naranpura Specialty Hospital,Wed Thu,3:00PM-6:00PM
Cardiologist,Dr. L. Mehta,Satellite,Satellite General Hospital,Tue Thu,10:00AM-1:00PM
Dermatologist,Dr. K. Naik,Gandhinagar Road,Gandhinagar Road Specialty Hospital,Thu Fri,3:00PM-6:00PM
Pediatrician,Dr. D. Gandhi,Isanpur,Isanpur Care Center,Sat Sun,10:00AM-1:00PM
Dermatologist,Dr. M. Joshi,Ellisbridge,Ellisbridge General Hospital,Mon Tue,9:00AM-12:00PM
Gynecologist,Dr. D. Agarwal,Vejalpur,Vejalpur Medical Institute,Tue Fri,9:00AM-12:00PM
General Physician,Dr. A. Vyas,Vastrapur,Vastrapur General Hospital,Mon Thu,2:00PM-5:00PM
Psychiatrist,Dr. K. Chaudhary,Satellite,Satellite General Hospital,Wed Sat,4:00PM-7:00PM
Ophthalmologist,Dr. M. Chaudhary,Naranpura,Naranpura General Hospital,Thu Fri,4:00PM-7:00PM
Psychiatrist,Dr. A. Naik,Maninagar,Maninagar Care Center,Mon Tue,10:00AM-1:00PM
Psychiatrist,Dr. S. Trivedi,SG Highway,SG Highway Specialty Hospital,Mon Wed,2:00PM-5:00PM
Cardiologist,Dr. R. Mehta,Nehru Park,Nehru Park General Hospital,Mon Thu,4:00PM-7:00PM
Orthopedic Surgeon,Dr. P. Joshi,Vejalpur,Vejalpur Care Center,Mon Wed,4:00PM-7:00PM
Orthopedic Surgeon,Dr. P. Bhatia,Maninagar,Maninagar General Hospital,Wed Sat,9:00AM-12:00PM
Orthopedic Surgeon,Dr. V. Kumar,Gandhinagar Road,Gandhinagar Road Medical Institute,Fri Sat,9:00AM-12:00PM
Neurologist,Dr. K. Chaudhary,Vastral,Vastral Care Center,Fri Sat,4:00PM-7:00PM
Gynecologist,Dr. M. Naik,Shahibaug,Shahibaug Care Center,Sat Sun,3:00PM-6:00PM
Pediatrician,Dr. R. Chaudhary,Gandhinagar Road,Gandhinagar Road Specialty Hospital,Mon Wed,9:00AM-12:00PM
Neurologist,Dr. P. Joshi,SG Highway,SG Highway Care Center,Tue Thu,3:00PM-6:00PM
Orthopedic Surgeon,Dr. K. Agarwal,Isanpur,Isanpur General Hospital,Mon Tue,2:00PM-5:00PM
Ophthalmologist,Dr. M. Shah,Isanpur,Isanpur Care Center,Tue Thu,9:00AM-12:00PM
Cardiologist,Dr. M. Mehta,Shahibaug,Shahibaug Medical Institute,Wed Thu,4:00PM-7:00PM
Gynecologist,Dr. V. Iyer,Satellite,Satellite General Hospital,Fri Sat,4:00PM-7:00PM
Pediatrician,Dr. R. Shah,Gandhinagar Road,Gandhinagar Road Specialty Hospital,Mon Tue,2:00PM-5:00PM
Gynecologist,Dr. A. Kapadia,Vejalpur,Vejalpur General Hospital,Wed Thu,10:00AM-1:00PM
Psychiatrist,Dr. V. Joshi,Odhav,Odhav Care Center,Mon Thu,10:00AM-1:00PM
Cardiologist,Dr. R. Saxena,Naranpura,Naranpura Specialty Hospital,Tue Fri,10:00AM-1:00PM
Pediatrician,Dr. N. Saxena,Vastrapur,Vastrapur Care Center,Mon Thu,2:00PM-5:00PM
Ophthalmologist,Dr. D. Iyer,Navrangpura,Navrangpura Specialty Hospital,Wed Sat,3:00PM-6:00PM
Psychiatrist,Dr. D. Gandhi,Gandhinagar Road,Gandhinagar Road Care Center,Mon Wed,10:00AM-1:00PM
Neurologist,Dr. R. Shah,Paldi,Paldi Care Center,Sat Sun,3:00PM-6:00PM
Orthopedic Surgeon,Dr. S. Kapadia,Vastral,Vastral Care Center,Sat Sun,10:00AM-1:00PM
Neurologist,Dr. V. Shah,Gota,Gota Care Center,Fri Sat,10:00AM-1:00PM
Gynecologist,Dr. K. Desai,Gota,Gota Specialty Hospital,Tue Fri,4:00PM-7:00PM
Dermatologist,Dr. K. Rao,Gota,Gota Medical Institute,Mon Thu,2:00PM-5:00PM
Pediatrician,Dr. K. Agarwal,Nehru Park,Nehru Park General Hospital,Wed Thu,10:00AM-1:00PM
Dentist,Dr. V. Bhatia,Paldi,Paldi Specialty Hospital,Wed Sat,3:00PM-6:00PM
Neurologist,Dr. R. Joshi,Navrangpura,Navrangpura Medical Institute,Tue Fri,10:00AM-1:00PM
Neurologist,Dr. D. Kapadia,Bodakdev,Bodakdev Specialty Hospital,Tue Thu,3:00PM-6:00PM
Gynecologist,Dr. L. Vyas,Navrangpura,Navrangpura Medical Institute,Tue Fri,4:00PM-7:00PM
Gynecologist,Dr. A. Bhatt,Ramnagar,Ramnagar Specialty Hospital,Mon Thu,4:00PM-7:00PM
General Physician,Dr. M. Rao,Isanpur,Isanpur Specialty Hospital,Sat Sun,9:00AM-12:00PM
Pediatrician,Dr. A. Desai,Bodakdev,Bodakdev Specialty Hospital,Sat Sun,9:00AM-12:00PM
Psychiatrist,Dr. S. Kapadia,Vejalpur,Vejalpur Specialty Hospital,Mon Wed,9:00AM-12:00PM
Pediatrician,Dr. S. Kumar,Naranpura,Naranpura Care Center,Wed Thu,4:00PM-7:00PM
Psychiatrist,Dr. K. Kumar,Nehru Park,Nehru Park General Hospital,Fri Sat,3:00PM-6:00PM
Ophthalmologist,Dr. R. Kapadia,Nehru Park,Nehru Park Specialty Hospital,Tue Thu,2:00PM-5:00PM
General Physician,Dr. P. Chaudhary,Naranpura East,Naranpura East General Hospital,Mon Thu,9:00AM-12:00PM
Pediatrician,Dr. R. Singh,SG Highway,SG Highway Care Center,Fri Sat,3:00PM-6:00PM
Dermatologist,Dr. S. Saxena,Odhav,Odhav Medical Institute,Tue Fri,9:00AM-12:00PM
Ophthalmologist,Dr. D. Agarwal,Vastral,Vastral Care Center,Thu Fri,9:00AM-12:00PM
Pediatrician,Dr. P. Rao,Paldi,Paldi Care Center,Mon Wed,10:00AM-1:00PM
Dermatologist,Dr. D. Agarwal,Odhav,Odhav Care Center,Tue Thu,2:00PM-5:00PM
Dentist,Dr. K. Saxena,Shahibaug,Shahibaug Medical Institute,Mon Thu,10:00AM-1:00PM
Cardiologist,Dr. A. Agarwal,Shahibaug,Shahibaug Medical Institute,Sat Sun,10:00AM-1:00PM
Ophthalmologist,Dr. P. Singh,Nehru Park,Nehru Park Care Center,Mon Tue,10:00AM-1:00PM
Dermatologist,Dr. V. Rao,Naranpura,Naranpura General Hospital,Mon Wed,4:00PM-7:00PM
Cardiologist,Dr. D. Singh,Isanpur,Isanpur Care Center,Tue Fri,9:00AM-12:00PM
Neurologist,Dr. N. Rao,Naranpura East,Naranpura East Specialty Hospital,Fri Sat,4:00PM-7:00PM
Gynecologist,Dr. M. Bhatt,Gandhinagar Road,Gandhinagar Road Medical Institute,Mon Wed,2:00PM-5:00PM
Orthopedic Surgeon,Dr. P. Mehta,Vastral,Vastral Specialty Hospital,Thu Fri,4:00PM-7:00PM
Psychiatrist,Dr. A. Naik,Navrangpura,Navrangpura Care Center,Mon Wed,10:00AM-1:00PM
Neurologist,Dr. P. Chaudhary,Satellite,Satellite Care Center,Tue Thu,4:00PM-7:00PM
Gynecologist,Dr. V. Rao,Shahibaug,Shahibaug Care Center,Mon Thu,3:00PM-6:00PM
Cardiologist,Dr. M. Rao,Naranpura East,Naranpura East Specialty Hospital,Tue Thu,4:00PM-7:00PM
Cardiologist,Dr. S. Saxena,Naranpura East,Naranpura East Care Center,Tue Thu,2:00PM-5:00PM
Ophthalmologist,Dr. L. Bhatia,Gandhinagar Road,Gandhinagar Road General Hospital,Mon Tue,3:00PM-6:00PM
Cardiologist,Dr. A. Agarwal,Thaltej,Thaltej Care Center,Wed Thu,3:00PM-6:00PM
Gynecologist,Dr. M. Saxena,Naranpura East,Naranpura East Care Center,Tue Fri,3:00PM-6:00PM
Cardiologist,Dr. A. Trivedi,Navrangpura,Navrangpura General Hospital,Wed Sat,2:00PM-5:00PM
General Physician,Dr. M. Rao,Naranpura,Naranpura Care Center,Thu Fri,10:00AM-1:00PM
Ophthalmologist,Dr. D. Chaudhary,Nehru Park,Nehru Park Specialty Hospital,Tue Fri,4:00PM-7:00PM
Dentist,Dr. R. Saxena,Satellite,Satellite General Hospital,Wed Thu,2:00PM-5:00PM
Dentist,Dr. S. Rao,Maninagar,Maninagar Medical Institute,Wed Sat,3:00PM-6:00PM
Pediatrician,Dr. V. Desai,Bodakdev,Bodakdev Specialty Hospital,Tue Fri,2:00PM-5:00PM
Orthopedic Surgeon,Dr. S. Naik,Navrangpura,Navrangpura Medical Institute,Wed Sat,10:00AM-1:00PM
Psychiatrist,Dr. K. Rao,Isanpur,Isanpur Specialty Hospital,Mon Thu,10:00AM-1:00PM
Psychiatrist,Dr. P. Kapadia,SG Highway,SG Highway General Hospital,Mon Tue,4:00PM-7:00PM
Orthopedic Surgeon,Dr. V. Bhatt,Ramnagar,Ramnagar Care Center,Wed Thu,10:00AM-1:00PM
Orthopedic Surgeon,Dr. V. Trivedi,Ellisbridge,Ellisbridge Specialty Hospital,Thu Fri,4:00PM-7:00PM
Pediatrician,Dr. R. Iyer,SG Highway,SG Highway Care Center,Thu Fri,10:00AM-1:00PM
Cardiologist,Dr. P. Joshi,Bodakdev,Bodakdev Care Center,Fri Sat,10:00AM-1:00PM
Gynecologist,Dr. V. Rao,Naranpura East,Naranpura East General Hospital,Thu Fri,3:00PM-6:00PM
Gynecologist,Dr. D. Vyas,Vastral,Vastral General Hospital,Mon Wed,3:00PM-6:00PM
Dentist,Dr. D. Agarwal,Naranpura,Naranpura Specialty Hospital,Tue Fri,2:00PM-5:00PM
Psychiatrist,Dr. K. Agarwal,Paldi,Paldi Specialty Hospital,Tue Fri,2:00PM-5:00PM
Pediatrician,Dr. K. Vyas,Ramnagar,Ramnagar Care Center,Mon Thu,10:00AM-1:00PM
Ophthalmologist,Dr. V. Gandhi,Naranpura,Naranpura Specialty Hospital,Fri Sat,4:00PM-7:00PM
Psychiatrist,Dr. A. Naik,SG Highway,SG Highway Specialty Hospital,Fri Sat,9:00AM-12:00PM
General Physician,Dr. R. Kumar,Satellite,Satellite Medical Institute,Mon Wed,10:00AM-1:00PM
Ophthalmologist,Dr. A. Mehta,Vastral,Vastral General Hospital,Wed Sat,10:00AM-1:00PM
Neurologist,Dr. K. Agarwal,Vastrapur,Vastrapur Care Center,Fri Sat,2:00PM-5:00PM
Pediatrician,Dr. A. Patel,Isanpur,Isanpur Specialty Hospital,Tue Thu,9:00AM-12:00PM
Gynecologist,Dr. A. Mehta,Ellisbridge,Ellisbridge Care Center,Mon Wed,9:00AM-12:00PM
General Physician,Dr. M. Chaudhary,Thaltej,Thaltej Care Center,Tue Thu,4:00PM-7:00PM
Dermatologist,Dr. K. Trivedi,Odhav,Odhav Medical Institute,Mon Tue,2:00PM-5:00PM
Pediatrician,Dr. V. Shah,Shahibaug,Shahibaug Care Center,Mon Wed,10:00AM-1:00PM
Gynecologist,Dr. M. Shah,Navrangpura,Navrangpura General Hospital,Fri Sat,2:00PM-5:00PM
Neurologist,Dr. V. Kumar,SG Highway,SG Highway Care Center,Tue Thu,10:00AM-1:00PM
Pediatrician,Dr. K. Rao,Odhav,Odhav General Hospital,Tue Thu,3:00PM-6:00PM
Orthopedic Surgeon,Dr. S. Agarwal,Thaltej,Thaltej Specialty Hospital,Tue Thu,3:00PM-6:00PM
Psychiatrist,Dr. V. Iyer,Vastral,Vastral General Hospital,Mon Wed,10:00AM-1:00PM
Pediatrician,Dr. R. Shah,Nehru Park,Nehru Park Specialty Hospital,Fri Sat,3:00PM-6:00PM
Orthopedic Surgeon,Dr. N. Saxena,SG Highway,SG Highway General Hospital,Mon Wed,10:00AM-1:00PM
Dentist,Dr. V. Singh,Gandhinagar Road,Gandhinagar Road Specialty Hospital,Mon Tue,2:00PM-5:00PM
Dermatologist,Dr. S. Agarwal,Odhav,Odhav Care Center,Mon Thu,2:00PM-5:00PM
General Physician,Dr. R. Shah,Bodakdev,Bodakdev Medical Institute,Mon Wed,10:00AM-1:00PM
Ophthalmologist,Dr. P. Naik,Gandhinagar Road,Gandhinagar Road General Hospital,Mon Tue,2:00PM-5:00PM
Orthopedic Surgeon,Dr. R. Mehta,SG Highway,SG Highway Care Center,Mon Thu,2:00PM-5:00PM
Dentist,Dr. D. Chaudhary,Vastrapur,Vastrapur Care Center,Mon Wed,9:00AM-12:00PM
Psychiatrist,Dr. R. Bhatia,Navrangpura,Navrangpura General Hospital,Wed Sat,9:00AM-12:00PM
General Physician,Dr. L. Trivedi,Vejalpur,Vejalpur Specialty Hospital,Wed Thu,3:00PM-6:00PM
Gynecologist,Dr. N. Rao,Vejalpur,Vejalpur General Hospital,Wed Thu,4:00PM-7:00PM
Psychiatrist,Dr. R. Kapadia,SG Highway,SG Highway Care Center,Thu Fri,9:00AM-12:00PM
Dentist,Dr. M. Rao,Thaltej,Thaltej General Hospital,Fri Sat,3:00PM-6:00PM
Psychiatrist,Dr. M. Shah,Navrangpura,Navrangpura Specialty Hospital,Mon Thu,10:00AM-1:00PM
General Physician,Dr. P. Bhatia,Bodakdev,Bodakdev General Hospital,Mon Wed,3:00PM-6:00PM
Psychiatrist,Dr. R. Singh,Gandhinagar Road,Gandhinagar Road General Hospital,Tue Thu,9:00AM-12:00PM
General Physician,Dr. K. Trivedi,SG Highway,SG Highway Specialty Hospital,Tue Thu,3:00PM-6:00PM
Orthopedic Surgeon,Dr. A. Desai,Odhav,Odhav Specialty Hospital,Fri Sat,10:00AM-1:00PM
Neurologist,Dr. R. Shah,Satellite,Satellite General Hospital,Mon Thu,2:00PM-5:00PM
Dentist,Dr. P. Joshi,Navrangpura,Navrangpura Specialty Hospital,Sat Sun,9:00AM-12:00PM
Ophthalmologist,Dr. S. Bhatia,Vastral,Vastral Specialty Hospital,Mon Tue,3:00PM-6:00PM
Psychiatrist,Dr. K. Vyas,Vastrapur,Vastrapur Care Center,Thu Fri,9:00AM-12:00PM
Psychiatrist,Dr. P. Shah,Satellite,Satellite Care Center,Wed Thu,9:00AM-12:00PM
General Physician,Dr. L. Chaudhary,Paldi,Paldi General Hospital,Tue Fri,2:00PM-5:00PM
Gynecologist,Dr. P. Mehta,SG Highway,SG Highway General Hospital,Wed Thu,3:00PM-6:00PM
Dermatologist,Dr. R. Agarwal,Gota,Gota Care Center,Fri Sat,2:00PM-5:00PM
Pediatrician,Dr. S. Naik,Nehru Park,Nehru Park Care Center,Wed Thu,9:00AM-12:00PM
Cardiologist,Dr. V. Agarwal,Bodakdev,Bodakdev General Hospital,Mon Wed,3:00PM-6:00PM
Neurologist,Dr. V. Iyer,Ellisbridge,Ellisbridge Specialty Hospital,Wed Thu,3:00PM-6:00PM
General Physician,Dr. S. Bhatt,Isanpur,Isanpur General Hospital,Sat Sun,2:00PM-5:00PM
Psychiatrist,Dr. R. Desai,Bodakdev,Bodakdev Medical Institute,Sat Sun,3:00PM-6:00PM
Dermatologist,Dr. L. Kumar,Ramnagar,Ramnagar General Hospital,Mon Tue,3:00PM-6:00PM
General Physician,Dr. D. Vyas,Bodakdev,Bodakdev Specialty Hospital,Mon Tue,2:00PM-5:00PM
General Physician,Dr. M. Shah,Vejalpur,Vejalpur Specialty Hospital,Wed Sat,4:00PM-7:00PM
Dermatologist,Dr. R. Iyer,Shahibaug,Shahibaug Medical Institute,Tue Thu,2:00PM-5:00PM
Pediatrician,Dr. L. Shah,Maninagar,Maninagar Care Center,Mon Thu,2:00PM-5:00PM
Ophthalmologist,Dr. R. Mehta,Navrangpura,Navrangpura General Hospital,Tue Thu,3:00PM-6:00PM
Pediatrician,Dr. R. Iyer,Nehru Park,Nehru Park Specialty Hospital,Mon Thu,10:00AM-1:00PM
Dermatologist,Dr. A. Naik,Ellisbridge,Ellisbridge Specialty Hospital,Mon Thu,2:00PM-5:00PM
Orthopedic Surgeon,Dr. K. Saxena,Vastral,Vastral Care Center,Mon Wed,10:00AM-1:00PM
Cardiologist,Dr. M. Iyer,Nehru Park,Nehru Park General Hospital,Mon Wed,10:00AM-1:00PM
Ophthalmologist,Dr. K. Rao,Vastral,Vastral Care Center,Mon Wed,4:00PM-7:00PM
Orthopedic Surgeon,Dr. S. Iyer,Thaltej,Thaltej Care Center,Tue Fri,2:00PM-5:00PM
Pediatrician,Dr. V. Joshi,Navrangpura,Navrangpura Care Center,Thu Fri,4:00PM-7:00PM
General Physician,Dr. L. Gandhi,Thaltej,Thaltej Care Center,Mon Wed,10:00AM-1:00PM
Orthopedic Surgeon,Dr. V. Shah,Vejalpur,Vejalpur General Hospital,Thu Fri,2:00PM-5:00PM
Cardiologist,Dr. A. Kumar,Paldi,Paldi Care Center,Wed Thu,4:00PM-7:00PM
Dermatologist,Dr. M. Shah,Satellite,Satellite Medical Institute,Tue Thu,9:00AM-12:00PM
General Physician,Dr. N. Joshi,Maninagar,Maninagar Care Center,Wed Sat,3:00PM-6:00PM
Orthopedic Surgeon,Dr. M. Chaudhary,Navrangpura,Navrangpura Specialty Hospital,Mon Tue,9:00AM-12:00PM
Dermatologist,Dr. K. Agarwal,Vastral,Vastral General Hospital,Fri Sat,9:00AM-12:00PM
General Physician,Dr. K. Kapadia,Vastral,Vastral General Hospital,Sat Sun,3:00PM-6:00PM
Gynecologist,Dr. N. Shah,Naranpura East,Naranpura East General Hospital,Mon Thu,10:00AM-1:00PM
Orthopedic Surgeon,Dr. N. Saxena,Thaltej,Thaltej General Hospital,Thu Fri,3:00PM-6:00PM
Cardiologist,Dr. P. Rao,Maninagar,Maninagar Care Center,Thu Fri,3:00PM-6:00PM
Gynecologist,Dr. R. Iyer,Ramnagar,Ramnagar Care Center,Mon Wed,2:00PM-5:00PM
Gynecologist,Dr. R. Bhatt,SG Highway,SG Highway Care Center,Wed Thu,10:00AM-1:00PM
Dentist,Dr. P. Joshi,Paldi,Paldi Care Center,Fri Sat,3:00PM-6:00PM
Dentist,Dr. L. Naik,Naranpura East,Naranpura East Care Center,Wed Thu,2:00PM-5:00PM
Gynecologist,Dr. M. Rao,Naranpura,Naranpura Care Center,Fri Sat,4:00PM-7:00PM
Dermatologist,Dr. S. Bhatt,Paldi,Paldi Care Center,Tue Fri,4:00PM-7:00PM
Orthopedic Surgeon,Dr. K. Vyas,Nehru Park,Nehru Park General Hospital,Mon Wed,10:00AM-1:00PM
Dermatologist,Dr. P. Singh,Naranpura,Naranpura General Hospital,Wed Sat,4:00PM-7:00PM
Gynecologist,Dr. P. Kumar,Isanpur,Isanpur General Hospital,Wed Sat,4:00PM-7:00PM
Orthopedic Surgeon,Dr. A. Agarwal,Isanpur,Isanpur Specialty Hospital,Fri Sat,4:00PM-7:00PM
Psychiatrist,Dr. V. Patel,SG Highway,SG Highway Specialty Hospital,Tue Fri,4:00PM-7:00PM
Neurologist,Dr. P. Mehta,Vastrapur,Vastrapur Care Center,Mon Wed,9:00AM-12:00PM
Dermatologist,Dr. R. Chaudhary,Gandhinagar Road,Gandhinagar Road Care Center,Wed Thu,3:00PM-6:00PM
General Physician,Dr. N. Joshi,Gota,Gota Care Center,Fri Sat,10:00AM-1:00PM
Orthopedic Surgeon,Dr. L. Gandhi,Maninagar,Maninagar General Hospital,Sat Sun,10:00AM-1:00PM
Pediatrician,Dr. M. Kapadia,Odhav,Odhav Specialty Hospital,Fri Sat,3:00PM-6:00PM
Psychiatrist,Dr. N. Desai,Satellite,Satellite Specialty Hospital,Fri Sat,10:00AM-1:00PM
Cardiologist,Dr. A. Patel,Shahibaug,Shahibaug Medical Institute,Fri Sat,10:00AM-1:00PM
Dentist,Dr. V. Trivedi,Gandhinagar Road,Gandhinagar Road Specialty Hospital,Sat Sun,10:00AM-1:00PM
Gynecologist,Dr. N. Kumar,Ellisbridge,Ellisbridge Specialty Hospital,Tue Thu,9:00AM-12:00PM
Psychiatrist,Dr. L. Agarwal,Vejalpur,Vejalpur General Hospital,Sat Sun,2:00PM-5:00PM
Psychiatrist,Dr. A. Vyas,Bodakdev,Bodakdev General Hospital,Tue Thu,2:00PM-5:00PM
Pediatrician,Dr. V. Iyer,Bodakdev,Bodakdev Specialty Hospital,Tue Thu,9:00AM-12:00PM
Orthopedic Surgeon,Dr. R. Bhatia,Vastral,Vastral General Hospital,Wed Sat,10:00AM-1:00PM
Pediatrician,Dr. S. Shah,Isanpur,Isanpur Care Center,Mon Tue,9:00AM-12:00PM
Gynecologist,Dr. V. Desai,Vastral,Vastral Specialty Hospital,Tue Thu,3:00PM-6:00PM
Ophthalmologist,Dr. S. Rao,Vejalpur,Vejalpur Specialty Hospital,Mon Thu,9:00AM-12:00PM
Ophthalmologist,Dr. A. Trivedi,Nehru Park,Nehru Park Specialty Hospital,Wed Sat,10:00AM-1:00PM
Ophthalmologist,Dr. P. Chaudhary,Navrangpura,Navrangpura General Hospital,Mon Tue,2:00PM-5:00PM
Neurologist,Dr. V. Iyer,Satellite,Satellite General Hospital,Tue Thu,3:00PM-6:00PM
Cardiologist,Dr. M. Mehta,Navrangpura,Navrangpura General Hospital,Sat Sun,4:00PM-7:00PM
Ophthalmologist,Dr. M. Joshi,Paldi,Paldi Care Center,Tue Thu,4:00PM-7:00PM
Gynecologist,Dr. V. Iyer,Vastrapur,Vastrapur General Hospital,Fri Sat,10:00AM-1:00PM
Dermatologist,Dr. N. Saxena,Shahibaug,Shahibaug Specialty Hospital,Thu Fri,2:00PM-5:00PM
Dermatologist,Dr. R. Iyer,Satellite,Satellite General Hospital,Sat Sun,4:00PM-7:00PM
Ophthalmologist,Dr. S. Bhatia,SG Highway,SG Highway General Hospital,Mon Tue,3:00PM-6:00PM
Pediatrician,Dr. R. Bhatt,Ellisbridge,Ellisbridge Medical Institute,Mon Wed,9:00AM-12:00PM
Dermatologist,Dr. S. Bhatt,Vastrapur,Vastrapur Specialty Hospital,Mon Wed,3:00PM-6:00PM
Pediatrician,Dr. D. Trivedi,Ellisbridge,Ellisbridge Medical Institute,Tue Fri,2:00PM-5:00PM
Pediatrician,Dr. V. Rao,Ramnagar,Ramnagar Care Center,Fri Sat,3:00PM-6:00PM
Orthopedic Surgeon,Dr. L. Chaudhary,Vastrapur,Vastrapur Care Center,Thu Fri,3:00PM-6:00PM
Ophthalmologist,Dr. R. Saxena,Naranpura,Naranpura Care Center,Sat Sun,9:00AM-12:00PM
Cardiologist,Dr. A. Desai,Satellite,Satellite General Hospital,Fri Sat,4:00PM-7:00PM
Gynecologist,Dr. D. Agarwal,Nehru Park,Nehru Park General Hospital,Mon Tue,3:00PM-6:00PM
Dentist,Dr. V. Trivedi,Shahibaug,Shahibaug Medical Institute,Wed Sat,3:00PM-6:00PM
Neurologist,Dr. P. Joshi,Navrangpura,Navrangpura Medical Institute,Mon Tue,4:00PM-7:00PM
Psychiatrist,Dr. S. Naik,Odhav,Odhav Care Center,Tue Fri,10:00AM-1:00PM
Cardiologist,Dr. N. Kumar,Thaltej,Thaltej General Hospital,Mon Tue,3:00PM-6:00PM
Pediatrician,Dr. L. Trivedi,Shahibaug,Shahibaug Care Center,Tue Thu,4:00PM-7:00PM
Neurologist,Dr. V. Iyer,Gota,Gota General Hospital,Mon Thu,4:00PM-7:00PM
Gynecologist,Dr. N. Saxena,Ramnagar,Ramnagar Care Center,Wed Thu,3:00PM-6:00PM
General Physician,Dr. M. Kumar,Gandhinagar Road,Gandhinagar Road Medical Institute,Mon Thu,10:00AM-1:00PM
Cardiologist,Dr. R. Iyer,Nehru Park,Nehru Park Specialty Hospital,Mon Wed,9:00AM-12:00PM
Psychiatrist,Dr. M. Rao,Satellite,Satellite Specialty Hospital,Fri Sat,3:00PM-6:00PM
Neurologist,Dr. V. Trivedi,Vejalpur,Vejalpur Medical Institute,Sat Sun,3:00PM-6:00PM
General Physician,Dr. K. Gandhi,Vastrapur,Vastrapur Care Center,Tue Thu,4:00PM-7:00PM
Psychiatrist,Dr. S. Trivedi,Vejalpur,Vejalpur General Hospital,Fri Sat,10:00AM-1:00PM
General Physician,Dr. P. Chaudhary,Naranpura East,Naranpura East Care Center,Mon Tue,2:00PM-5:00PM
Neurologist,Dr. N. Vyas,Ellisbridge,Ellisbridge Specialty Hospital,Mon Wed,10:00AM-1:00PM
Cardiologist,Dr. V. Kumar,Ellisbridge,Ellisbridge Medical Institute,Fri Sat,2:00PM-5:00PM
Gynecologist,Dr. V. Patel,Gandhinagar Road,Gandhinagar Road General Hospital,Tue Fri,10:00AM-1:00PM
Gynecologist,Dr. P. Chaudhary,Naranpura East,Naranpura East Specialty Hospital,Mon Tue,4:00PM-7:00PM
Cardiologist,Dr. M. Saxena,Navrangpura,Navrangpura Specialty Hospital,Wed Thu,3:00PM-6:00PM
Cardiologist,Dr. P. Mehta,Odhav,Odhav General Hospital,Wed Sat,10:00AM-1:00PM
General Physician,Dr. D. Agarwal,Bodakdev,Bodakdev General Hospital,Mon Tue,2:00PM-5:00PM
Dermatologist,Dr. V. Bhatia,Naranpura,Naranpura Specialty Hospital,Wed Thu,3:00PM-6:00PM
Pediatrician,Dr. P. Chaudhary,Paldi,Paldi General Hospital,Tue Fri,4:00PM-7:00PM
Ophthalmologist,Dr. M. Bhatt,Vastrapur,Vastrapur Care Center,Wed Thu,2:00PM-5:00PM
Orthopedic Surgeon,Dr. S. Agarwal,Vastrapur,Vastrapur Care Center,Mon Wed,2:00PM-5:00PM
General Physician,Dr. N. Mehta,Vejalpur,Vejalpur General Hospital,Sat Sun,10:00AM-1:00PM
Dermatologist,Dr. R. Saxena,Bodakdev,Bodakdev Care Center,Mon Thu,4:00PM-7:00PM
General Physician,Dr. N. Joshi,Paldi,Paldi Care Center,Tue Thu,4:00PM-7:00PM
General Physician,Dr. D. Desai,Bodakdev,Bodakdev Specialty Hospital,Thu Fri,2:00PM-5:00PM
Gynecologist,Dr. D. Gandhi,Vejalpur,Vejalpur Specialty Hospital,Thu Fri,10:00AM-1:00PM
Ophthalmologist,Dr. R. Iyer,Ellisbridge,Ellisbridge Medical Institute,Mon Wed,9:00AM-12:00PM
Dentist,Dr. P. Rao,Isanpur,Isanpur Specialty Hospital,Sat Sun,4:00PM-7:00PM
Neurologist,Dr. M. Shah,Ellisbridge,Ellisbridge General Hospital,Mon Wed,2:00PM-5:00PM
Neurologist,Dr. L. Mehta,Gota,Gota Specialty Hospital,Thu Fri,10:00AM-1:00PM
Cardiologist,Dr. S. Bhatt,Odhav,Odhav Care Center,Sat Sun,3:00PM-6:00PM
Orthopedic Surgeon,Dr. M. Rao,SG Highway,SG Highway Specialty Hospital,Tue Fri,2:00PM-5:00PM
Neurologist,Dr. P. Singh,Shahibaug,Shahibaug Medical Institute,Mon Tue,4:00PM-7:00PM
Psychiatrist,Dr. A. Kapadia,Thaltej,Thaltej Care Center,Wed Sat,4:00PM-7:00PM
Ophthalmologist,Dr. N. Vyas,Isanpur,Isanpur Specialty Hospital,Tue Thu,4:00PM-7:00PM
Cardiologist,Dr. D. Trivedi,Ellisbridge,Ellisbridge General Hospital,Tue Thu,2:00PM-5:00PM
Dentist,Dr. R. Shah,Vastrapur,Vastrapur Specialty Hospital,Mon Wed,10:00AM-1:00PM
Orthopedic Surgeon,Dr. V. Desai,Bodakdev,Bodakdev Specialty Hospital,Fri Sat,2:00PM-5:00PM
Neurologist,Dr. V. Bhatia,Nehru Park,Nehru Park Care Center,Mon Wed,3:00PM-6:00PM
General Physician,Dr. V. Joshi,Nehru Park,Nehru Park Specialty Hospital,Mon Wed,3:00PM-6:00PM
Dermatologist,Dr. M. Naik,Odhav,Odhav General Hospital,Mon Thu,4:00PM-7:00PM
Neurologist,Dr. L. Kumar,Shahibaug,Shahibaug General Hospital,Tue Thu,10:00AM-1:00PM
Orthopedic Surgeon,Dr. V. Rao,Shahibaug,Shahibaug Medical Institute,Fri Sat,10:00AM-1:00PM
Pediatrician,Dr. M. Trivedi,Naranpura East,Naranpura East Care Center,Tue Thu,2:00PM-5:00PM
General Physician,Dr. N. Saxena,Paldi,Paldi Care Center,Wed Sat,10:00AM-1:00PM
Psychiatrist,Dr. P. Singh,Vastrapur,Vastrapur Care Center,Mon Wed,10:00AM-1:00PM
Psychiatrist,Dr. K. Gandhi,Shahibaug,Shahibaug Medical Institute,Mon Thu,3:00PM-6:00PM
Gynecologist,Dr. L. Vyas,Paldi,Paldi General Hospital,Wed Sat,2:00PM-5:00PM
General Physician,Dr. R. Kumar,Gota,Gota Care Center,Mon Tue,10:00AM-1:00PM
Dermatologist,Dr. N. Joshi,Isanpur,Isanpur Care Center,Mon Wed,3:00PM-6:00PM
Dentist,Dr. A. Desai,Nehru Park,Nehru Park Care Center,Mon Wed,9:00AM-12:00PM
Neurologist,Dr. M. Gandhi,Ellisbridge,Ellisbridge Medical Institute,Wed Thu,4:00PM-7:00PM
Dentist,Dr. V. Joshi,Gota,Gota Medical Institute,Tue Thu,2:00PM-5:00PM
Ophthalmologist,Dr. A. Desai,Isanpur,Isanpur General Hospital,Mon Thu,9:00AM-12:00PM
Dermatologist,Dr. D. Vyas,Bodakdev,Bodakdev Care Center,Mon Tue,4:00PM-7:00PM
Dentist,Dr. P. Trivedi,Vastrapur,Vastrapur General Hospital,Mon Tue,3:00PM-6:00PM
Neurologist,Dr. L. Trivedi,Ramnagar,Ramnagar Specialty Hospital,Sat Sun,9:00AM-12:00PM
Pediatrician,Dr. P. Joshi,Paldi,Paldi General Hospital,Mon Wed,3:00PM-6:00PM
Ophthalmologist,Dr. P. Joshi,Vejalpur,Vejalpur General Hospital,Thu Fri,3:00PM-6:00PM
Cardiologist,Dr. V. Joshi,Thaltej,Thaltej Specialty Hospital,Mon Tue,2:00PM-5:00PM
Gynecologist,Dr. D. Bhatt,Satellite,Satellite Specialty Hospital,Sat Sun,10:00AM-1:00PM
Gynecologist,Dr. V. Gandhi,Satellite,Satellite General Hospital,Mon Wed,9:00AM-12:00PM
Ophthalmologist,Dr. R. Bhatt,Thaltej,Thaltej Specialty Hospital,Thu Fri,4:00PM-7:00PM
Dermatologist,Dr. K. Rao,Isanpur,Isanpur Specialty Hospital,Thu Fri,10:00AM-1:00PM
General Physician,Dr. N. Patel,Ramnagar,Ramnagar Care Center,Tue Fri,2:00PM-5:00PM
Dermatologist,Dr. A. Desai,Paldi,Paldi General Hospital,Mon Wed,9:00AM-12:00PM
Psychiatrist,Dr. K. Agarwal,Naranpura East,Naranpura East General Hospital,Wed Thu,9:00AM-12:00PM
Pediatrician,Dr. D. Agarwal,Naranpura,Naranpura Care Center,Thu Fri,2:00PM-5:00PM
Ophthalmologist,Dr. P. Mehta,Maninagar,Maninagar General Hospital,Mon Tue,2:00PM-5:00PM
Orthopedic Surgeon,Dr. P. Shah,Gota,Gota Medical Institute,Mon Wed,9:00AM-12:00PM
General Physician,Dr. N. Saxena,Paldi,Paldi General Hospital,Tue Thu,2:00PM-5:00PM
Orthopedic Surgeon,Dr. R. Saxena,Vastral,Vastral Specialty Hospital,Mon Wed,2:00PM-5:00PM
Orthopedic Surgeon,Dr. V. Agarwal,Vastrapur,Vastrapur General Hospital,Mon Thu,3:00PM-6:00PM
Neurologist,Dr. V. Desai,Vejalpur,Vejalpur Medical Institute,Tue Thu,9:00AM-12:00PM
Cardiologist,Dr. M. Shah,Maninagar,Maninagar Care Center,Mon Thu,4:00PM-7:00PM
Ophthalmologist,Dr. N. Trivedi,Nehru Park,Nehru Park Specialty Hospital,Tue Thu,4:00PM-7:00PM
Gynecologist,Dr. A. Agarwal,Isanpur,Isanpur Specialty Hospital,Tue Thu,3:00PM-6:00PM
Ophthalmologist,Dr. N. Trivedi,Satellite,Satellite Medical Institute,Mon Tue,9:00AM-12:00PM
Neurologist,Dr. S. Desai,Gota,Gota General Hospital,Wed Thu,4:00PM-7:00PM
Psychiatrist,Dr. S. Naik,Bodakdev,Bodakdev Specialty Hospital,Wed Thu,4:00PM-7:00PM
Pediatrician,Dr. M. Shah,Shahibaug,Shahibaug Care Center,Fri Sat,3:00PM-6:00PM
Cardiologist,Dr. R. Shah,Ramnagar,Ramnagar Specialty Hospital,Mon Tue,10:00AM-1:00PM
Dentist,Dr. A. Desai,Naranpura East,Naranpura East Care Center,Mon Wed,3:00PM-6:00PM
Orthopedic Surgeon,Dr. K. Rao,Bodakdev,Bodakdev Specialty Hospital,Mon Tue,4:00PM-7:00PM
Dermatologist,Dr. P. Gandhi,Ramnagar,Ramnagar Specialty Hospital,Mon Thu,10:00AM-1:00PM
Pediatrician,Dr. V. Trivedi,Vastral,Vastral Care Center,Tue Fri,9:00AM-12:00PM
Ophthalmologist,Dr. S. Naik,Vastral,Vastral Care Center,Tue Fri,9:00AM-12:00PM
Pediatrician,Dr. P. Mehta,Vejalpur,Vejalpur Medical Institute,Wed Thu,4:00PM-7:00PM
General Physician,Dr. S. Kumar,Navrangpura,Navrangpura Specialty Hospital,Wed Thu,10:00AM-1:00PM
Ophthalmologist,Dr. R. Shah,Gota,Gota Specialty Hospital,Wed Sat,3:00PM-6:00PM
Orthopedic Surgeon,Dr. L. Vyas,Ramnagar,Ramnagar Specialty Hospital,Tue Fri,2:00PM-5:00PM
Ophthalmologist,Dr. A. Trivedi,Satellite,Satellite General Hospital,Wed Sat,9:00AM-12:00PM
Orthopedic Surgeon,Dr. S. Bhatt,Isanpur,Isanpur Specialty Hospital,Wed Thu,4:00PM-7:00PM
Orthopedic Surgeon,Dr. A. Desai,Satellite,Satellite General Hospital,Tue Fri,10:00AM-1:00PM
Gynecologist,Dr. K. Rao,Satellite,Satellite Specialty Hospital,Wed Sat,10:00AM-1:00PM
Pediatrician,Dr. D. Gandhi,Vejalpur,Vejalpur Care Center,Wed Sat,2:00PM-5:00PM
Pediatrician,Dr. D. Vyas,Shahibaug,Shahibaug General Hospital,Sat Sun,9:00AM-12:00PM
Ophthalmologist,Dr. M. Bhatt,Vastral,Vastral Specialty Hospital,Wed Thu,10:00AM-1:00PM
Ophthalmologist,Dr. K. Desai,Paldi,Paldi Specialty Hospital,Mon Tue,4:00PM-7:00PM
Gynecologist,Dr. S. Kumar,Nehru Park,Nehru Park Care Center,Tue Thu,4:00PM-7:00PM
Cardiologist,Dr. P. Singh,SG Highway,SG Highway General Hospital,Sat Sun,4:00PM-7:00PM
Orthopedic Surgeon,Dr. V. Desai,Odhav,Odhav Medical Institute,Sat Sun,10:00AM-1:00PM
Neurologist,Dr. P. Chaudhary,Vejalpur,Vejalpur Specialty Hospital,Tue Fri,10:00AM-1:00PM
Cardiologist,Dr. M. Trivedi,Shahibaug,Shahibaug Specialty Hospital,Wed Thu,2:00PM-5:00PM
Dentist,Dr. N. Patel,Thaltej,Thaltej General Hospital,Sat Sun,2:00PM-5:00PM
Orthopedic Surgeon,Dr. A. Patel,SG Highway,SG Highway Specialty Hospital,Tue Thu,4:00PM-7:00PM
Dentist,Dr. A. Trivedi,Gota,Gota General Hospital,Fri Sat,4:00PM-7:00PM
Ophthalmologist,Dr. P. Saxena,Nehru Park,Nehru Park Specialty Hospital,Mon Thu,4:00PM-7:00PM
Neurologist,Dr. L. Shah,Shahibaug,Shahibaug General Hospital,Mon Wed,9:00AM-12:00PM
Gynecologist,Dr. A. Desai,SG Highway,SG Highway General Hospital,Mon Tue,10:00AM-1:00PM
Neurologist,Dr. M. Naik,Vastrapur,Vastrapur Care Center,Thu Fri,10:00AM-1:00PM
General Physician,Dr. M. Bhatt,Ellisbridge,Ellisbridge Care Center,Wed Thu,9:00AM-12:00PM
Orthopedic Surgeon,Dr. R. Desai,Vastral,Vastral General Hospital,Wed Thu,10:00AM-1:00PM
Dentist,Dr. S. Kumar,Vejalpur,Vejalpur Care Center,Thu Fri,9:00AM-12:00PM
Gynecologist,Dr. V. Joshi,Vejalpur,Vejalpur Medical Institute,Fri Sat,4:00PM-7:00PM
General Physician,Dr. D. Iyer,Paldi,Paldi Specialty Hospital,Wed Sat,4:00PM-7:00PM
Ophthalmologist,Dr. S. Iyer,Bodakdev,Bodakdev Specialty Hospital,Sat Sun,4:00PM-7:00PM
Psychiatrist,Dr. R. Saxena,Thaltej,Thaltej Specialty Hospital,Thu Fri,3:00PM-6:00PM
Cardiologist,Dr. P. Mehta,Navrangpura,Navrangpura Care Center,Wed Thu,9:00AM-12:00PM
Gynecologist,Dr. K. Rao,Maninagar,Maninagar Medical Institute,Wed Thu,2:00PM-5:00PM
Cardiologist,Dr. A. Iyer,Vastrapur,Vastrapur Specialty Hospital,Mon Tue,2:00PM-5:00PM
Ophthalmologist,Dr. M. Iyer,SG Highway,SG Highway General Hospital,Fri Sat,4:00PM-7:00PM
General Physician,Dr. N. Vyas,Gandhinagar Road,Gandhinagar Road Specialty Hospital,Sat Sun,4:00PM-7:00PM
Orthopedic Surgeon,Dr. L. Mehta,Navrangpura,Navrangpura Specialty Hospital,Wed Sat,10:00AM-1:00PM
Dentist,Dr. R. Agarwal,Navrangpura,Navrangpura Care Center,Wed Thu,4:00PM-7:00PM
Gynecologist,Dr. R. Bhatt,Navrangpura,Navrangpura Specialty Hospital,Wed Sat,2:00PM-5:00PM
Orthopedic Surgeon,Dr. K. Vyas,Isanpur,Isanpur Care Center,Sat Sun,4:00PM-7:00PM
Ophthalmologist,Dr. K. Trivedi,Ramnagar,Ramnagar Specialty Hospital,Mon Wed,2:00PM-5:00PM
Ophthalmologist,Dr. V. Bhatt,Bodakdev,Bodakdev Care Center,Fri Sat,3:00PM-6:00PM
Pediatrician,Dr. S. Singh,Vejalpur,Vejalpur Specialty Hospital,Thu Fri,9:00AM-12:00PM
Dentist,Dr. S. Kumar,Isanpur,Isanpur Specialty Hospital,Tue Fri,3:00PM-6:00PM
General Physician,Dr. L. Iyer,Ellisbridge,Ellisbridge Care Center,Wed Thu,9:00AM-12:00PM
Pediatrician,Dr. L. Vyas,Vastrapur,Vastrapur Specialty Hospital,Mon Tue,9:00AM-12:00PM
Dermatologist,Dr. A. Saxena,Thaltej,Thaltej Specialty Hospital,Mon Wed,10:00AM-1:00PM
Dentist,Dr. S. Agarwal,Shahibaug,Shahibaug General Hospital,Tue Thu,9:00AM-12:00PM
Ophthalmologist,Dr. V. Iyer,Gota,Gota General Hospital,Mon Wed,9:00AM-12:00PM
Cardiologist,Dr. V. Rao,Naranpura,Naranpura General Hospital,Wed Sat,2:00PM-5:00PM
Gynecologist,Dr. M. Trivedi,Vejalpur,Vejalpur Medical Institute,Mon Thu,3:00PM-6:00PM
Orthopedic Surgeon,Dr. R. Joshi,Paldi,Paldi Care Center,Mon Wed,4:00PM-7:00PM
General Physician,Dr. S. Iyer,Gandhinagar Road,Gandhinagar Road General Hospital,Sat Sun,9:00AM-12:00PM
Pediatrician,Dr. S. Shah,Isanpur,Isanpur Specialty Hospital,Thu Fri,2:00PM-5:00PM
Psychiatrist,Dr. P. Singh,Navrangpura,Navrangpura Specialty Hospital,Tue Fri,3:00PM-6:00PM
Gynecologist,Dr. K. Vyas,Paldi,Paldi Care Center,Wed Thu,10:00AM-1:00PM
Cardiologist,Dr. D. Vyas,Vejalpur,Vejalpur Specialty Hospital,Tue Thu,2:00PM-5:00PM
Orthopedic Surgeon,Dr. M. Mehta,Paldi,Paldi Specialty Hospital,Tue Thu,9:00AM-12:00PM
General Physician,Dr. V. Bhatt,Paldi,Paldi Specialty Hospital,Mon Thu,4:00PM-7:00PM
Dentist,Dr. N. Patel,Navrangpura,Navrangpura Specialty Hospital,Fri Sat,10:00AM-1:00PM
Gynecologist,Dr. N. Mehta,Odhav,Odhav Care Center,Tue Thu,10:00AM-1:00PM
Psychiatrist,Dr. D. Mehta,Naranpura,Naranpura Care Center,Tue Thu,4:00PM-7:00PM
General Physician,Dr. P. Rao,Ramnagar,Ramnagar Care Center,Wed Thu,9:00AM-12:00PM
Neurologist,Dr. V. Iyer,Navrangpura,Navrangpura Specialty Hospital,Wed Sat,4:00PM-7:00PM
Ophthalmologist,Dr. N. Kumar,Gota,Gota Specialty Hospital,Wed Sat,9:00AM-12:00PM
Neurologist,Dr. R. Saxena,Gandhinagar Road,Gandhinagar Road General Hospital,Fri Sat,3:00PM-6:00PM
Ophthalmologist,Dr. A. Bhatt,Gota,Gota Specialty Hospital,Sat Sun,10:00AM-1:00PM
Psychiatrist,Dr. A. Naik,Nehru Park,Nehru Park Care Center,Mon Thu,10:00AM-1:00PM
General Physician,Dr. R. Bhatt,Gota,Gota Care Center,Mon Thu,2:00PM-5:00PM
Orthopedic Surgeon,Dr. S. Rao,SG Highway,SG Highway Specialty Hospital,Fri Sat,3:00PM-6:00PM
Ophthalmologist,Dr. V. Kumar,Vastral,Vastral Care Center,Thu Fri,3:00PM-6:00PM
Dentist,Dr. P. Rao,Satellite,Satellite Care Center,Sat Sun,9:00AM-12:00PM
Neurologist,Dr. D. Singh,SG Highway,SG Highway Specialty Hospital,Thu Fri,9:00AM-12:00PM
Pediatrician,Dr. M. Trivedi,Paldi,Paldi Specialty Hospital,Mon Tue,4:00PM-7:00PM
Psychiatrist,Dr. P. Mehta,Vejalpur,Vejalpur Care Center,Wed Thu,2:00PM-5:00PM
Dentist,Dr. M. Joshi,Ramnagar,Ramnagar Care Center,Tue Thu,2:00PM-5:00PM
Gynecologist,Dr. D. Joshi,Bodakdev,Bodakdev Specialty Hospital,Tue Fri,4:00PM-7:00PM
Dentist,Dr. P. Trivedi,Navrangpura,Navrangpura Medical Institute,Wed Thu,9:00AM-12:00PM
Dermatologist,Dr. S. Iyer,Gandhinagar Road,Gandhinagar Road Care Center,Wed Thu,10:00AM-1:00PM
Ophthalmologist,Dr. L. Naik,Vastrapur,Vastrapur General Hospital,Sat Sun,10:00AM-1:00PM
Ophthalmologist,Dr. R. Bhatt,Isanpur,Isanpur General Hospital,Tue Fri,10:00AM-1:00PM
Pediatrician,Dr. K. Saxena,Naranpura,Naranpura Specialty Hospital,Mon Tue,10:00AM-1:00PM
Dentist,Dr. D. Trivedi,Isanpur,Isanpur Care Center,Tue Fri,9:00AM-12:00PM
General Physician,Dr. S. Desai,Gota,Gota General Hospital,Wed Thu,2:00PM-5:00PM
Neurologist,Dr. R. Mehta,Nehru Park,Nehru Park Specialty Hospital,Tue Thu,3:00PM-6:00PM
Gynecologist,Dr. M. Joshi,Isanpur,Isanpur Specialty Hospital,Mon Wed,4:00PM-7:00PM